SpecimenID,Algorithm_Estimate_mm,Adjusted_Estimate_mm,Hand_Measured_Carapace_Length_mm,Algorithm_Total_Error_mm,Adjusted_Total_Error_mm,Algorithm_Percent_Error,Adjusted_Percent_Error,Include
1,100.8,151.5,149,-48.2,2.5,-32.35,1.68,yes
2,93.1,164.4,148,-54.9,16.4,-37.09,11.08,yes
3,146.7,140.7,144,2.7,-3.3,1.87,-2.29,yes
4,162.3,150.8,141,21.3,9.8,15.11,6.95,yes
5,220.5,153.6,141,79.5,12.6,56.38,8.94,yes
6,144.7,138.7,140,4.7,-1.3,3.36,-0.93,yes
7,121.6,145.3,139,-17.4,6.3,-12.52,4.53,yes
8,223.4,165.3,139,84.4,26.3,60.72,18.92,yes
9,152.5,133.1,138,14.5,-4.9,10.51,-3.55,yes
10,153.7,159.7,138,15.7,21.7,11.38,15.72,yes
11,202.3,132,137,65.3,-5,47.66,-3.65,yes
12,110.1,136.7,137,-26.9,-0.3,-19.64,-0.22,yes
13,118.4,160.7,137,-18.6,23.7,-13.58,17.30,yes
14,172.3,134.8,136,36.3,-1.2,26.69,-0.88,yes
15,121.7,131.6,135,-13.3,-3.4,-9.85,-2.52,yes
16,134.6,132.4,135,-0.4,-2.6,-0.30,-1.93,yes
17,114.2,162.3,135,-20.8,27.3,-15.41,20.22,yes
18,147.5,157.5,134,13.5,23.5,10.07,17.54,yes
19,273.9,125.5,133,140.9,-7.5,105.94,-5.64,yes
20,271.8,127.6,133,138.8,-5.4,104.36,-4.06,yes
21,201.5,141.1,132.5,69,8.6,52.08,6.49,yes
22,127.3,119.1,132,-4.7,-12.9,-3.56,-9.77,yes
23,103.8,129.5,132,-28.2,-2.5,-21.36,-1.89,yes
24,100.6,134.2,132,-31.4,2.2,-23.79,1.67,yes
25,106.9,142.2,132,-25.1,10.2,-19.02,7.73,yes
26,132.1,139.2,131,1.1,8.2,0.84,6.26,yes
27,86,139.9,131,-45,8.9,-34.35,6.79,yes
28,157,140,131,26,9,19.85,6.87,yes
29,119.4,140.9,131,-11.6,9.9,-8.85,7.56,yes
30,121.7,120.4,130,-8.3,-9.6,-6.38,-7.38,yes
31,113.4,123.3,130,-16.6,-6.7,-12.77,-5.15,yes
32,139.1,124.4,130,9.1,-5.6,7.00,-4.31,yes
33,160.1,127.8,130,30.1,-2.2,23.15,-1.69,yes
34,76.6,130.2,130,-53.4,0.2,-41.08,0.15,yes
35,91.1,137.4,130,-38.9,7.4,-29.92,5.69,yes
36,109.1,141.7,130,-20.9,11.7,-16.08,9.00,yes
37,187.7,145.7,130,57.7,15.7,44.38,12.08,yes
38,118.2,118.5,129,-10.8,-10.5,-8.37,-8.14,yes
39,110.9,124.1,129,-18.1,-4.9,-14.03,-3.80,yes
40,184.5,124.7,129,55.5,-4.3,43.02,-3.33,yes
41,110.1,135.2,129,-18.9,6.2,-14.65,4.81,yes
42,129.9,144.8,129,0.9,15.8,0.70,12.25,yes
43,129.4,128,128,1.4,0,1.09,0.00,yes
44,176.2,129.8,128,48.2,1.8,37.66,1.41,yes
45,143.2,134.2,128,15.2,6.2,11.88,4.84,yes
46,119.5,136.6,128,-8.5,8.6,-6.64,6.72,yes
47,101.5,136.6,128,-26.5,8.6,-20.70,6.72,yes
48,115.4,139.7,128,-12.6,11.7,-9.84,9.14,yes
49,144.3,139.8,128,16.3,11.8,12.73,9.22,yes
50,120.6,143.9,128,-7.4,15.9,-5.78,12.42,yes
51,113.1,146.6,128,-14.9,18.6,-11.64,14.53,yes
52,221.7,126.4,127,94.7,-0.6,74.57,-0.47,yes
53,148.5,126.7,127,21.5,-0.3,16.93,-0.24,yes
54,181,132.5,127,54,5.5,42.52,4.33,yes
55,239.4,132.9,127,112.4,5.9,88.50,4.65,yes
56,173.2,134.1,127,46.2,7.1,36.38,5.59,yes
57,166.8,137.3,127,39.8,10.3,31.34,8.11,yes
58,105.7,140.3,127,-21.3,13.3,-16.77,10.47,yes
59,251.6,143.1,127,124.6,16.1,98.11,12.68,yes
60,128.1,134.1,126,2.1,8.1,1.67,6.43,yes
61,164.8,143.2,126,38.8,17.2,30.79,13.65,yes
62,84.1,124.8,125,-40.9,-0.2,-32.72,-0.16,yes
63,95.1,130.4,125,-29.9,5.4,-23.92,4.32,yes
64,136.1,110.7,124,12.1,-13.3,9.76,-10.73,yes
65,91.8,116.1,124,-32.2,-7.9,-25.97,-6.37,yes
66,146,121.4,124,22,-2.6,17.74,-2.10,yes
67,113.4,121.6,124,-10.6,-2.4,-8.55,-1.94,yes
68,127.1,123.8,124,3.1,-0.2,2.50,-0.16,yes
69,136.1,124.1,124,12.1,0.1,9.76,0.08,yes
70,105.1,128.9,124,-18.9,4.9,-15.24,3.95,yes
71,151.7,131.2,124,27.7,7.2,22.34,5.81,yes
72,203.4,133.8,124,79.4,9.8,64.03,7.90,yes
73,110.1,134.6,124,-13.9,10.6,-11.21,8.55,yes
74,109.7,138.6,124,-14.3,14.6,-11.53,11.77,yes
75,156.1,115.7,123,33.1,-7.3,26.91,-5.93,yes
76,165.8,117,123,42.8,-6,34.80,-4.88,yes
77,110.1,139.2,123,-12.9,16.2,-10.49,13.17,yes
78,168.8,121.3,122,46.8,-0.7,38.36,-0.57,yes
79,98,123.8,122,-24,1.8,-19.67,1.48,yes
80,118.9,125.7,122,-3.1,3.7,-2.54,3.03,yes
81,134,126.6,122,12,4.6,9.84,3.77,yes
82,84.8,130.3,122,-37.2,8.3,-30.49,6.80,yes
83,207.9,136.6,122,85.9,14.6,70.41,11.97,yes
84,200.7,138,122,78.7,16,64.51,13.11,yes
85,93.8,118.9,121,-27.2,-2.1,-22.48,-1.74,yes
86,153.8,124.4,121,32.8,3.4,27.11,2.81,yes
87,154.2,128.1,121,33.2,7.1,27.44,5.87,yes
88,158.2,130.5,121,37.2,9.5,30.74,7.85,yes
89,133.3,133.7,121,12.3,12.7,10.17,10.50,yes
90,175.7,146.6,121,54.7,25.6,45.21,21.16,yes
91,156.5,117.1,120,36.5,-2.9,30.42,-2.42,yes
92,139.7,126.2,120,19.7,6.2,16.42,5.17,yes
93,111,127.1,120,-9,7.1,-7.50,5.92,yes
94,128.1,127.2,120,8.1,7.2,6.75,6.00,yes
95,116.4,131.2,120,-3.6,11.2,-3.00,9.33,yes
96,127.3,131.4,120,7.3,11.4,6.08,9.50,yes
97,113.1,133.3,120,-6.9,13.3,-5.75,11.08,yes
98,181.1,137,120,61.1,17,50.92,14.17,yes
99,121.7,91.5,119,2.7,-27.5,2.27,-23.11,yes
100,118.6,116.9,119,-0.4,-2.1,-0.34,-1.76,yes
101,103,124.3,119,-16,5.3,-13.45,4.45,yes
102,96.8,125.2,119,-22.2,6.2,-18.66,5.21,yes
103,125.3,126.1,119,6.3,7.1,5.29,5.97,yes
104,130.5,126.2,119,11.5,7.2,9.66,6.05,yes
105,127.3,126.2,119,8.3,7.2,6.97,6.05,yes
106,143.3,132.8,119,24.3,13.8,20.42,11.60,yes
107,295,121,118,177,3,150.00,2.54,yes
108,145.4,123.6,118,27.4,5.6,23.22,4.75,yes
109,132.1,131.9,118,14.1,13.9,11.95,11.78,yes
110,165.9,105.1,117,48.9,-11.9,41.79,-10.17,yes
111,131.2,108.3,117,14.2,-8.7,12.14,-7.44,yes
112,117,108.5,117,0,-8.5,0.00,-7.26,yes
113,118.1,111.9,117,1.1,-5.1,0.94,-4.36,yes
114,184,114.5,117,67,-2.5,57.26,-2.14,yes
115,256.5,119.1,117,139.5,2.1,119.23,1.79,yes
116,116.6,120.4,117,-0.4,3.4,-0.34,2.91,yes
117,134.7,124,117,17.7,7,15.13,5.98,yes
118,281.4,124.5,117,164.4,7.5,140.51,6.41,yes
119,128.9,125.4,117,11.9,8.4,10.17,7.18,yes
120,97.9,126.1,117,-19.1,9.1,-16.32,7.78,yes
121,102.7,131.2,117,-14.3,14.2,-12.22,12.14,yes
122,157.3,108.1,116,41.3,-7.9,35.60,-6.81,yes
123,145.4,111.6,116,29.4,-4.4,25.34,-3.79,yes
124,104.2,111.6,116,-11.8,-4.4,-10.17,-3.79,yes
125,85.7,111.8,116,-30.3,-4.2,-26.12,-3.62,yes
126,108.8,112.6,116,-7.2,-3.4,-6.21,-2.93,yes
127,140.6,113.3,116,24.6,-2.7,21.21,-2.33,yes
128,95.6,115.2,116,-20.4,-0.8,-17.59,-0.69,yes
129,95.9,116.4,116,-20.1,0.4,-17.33,0.34,yes
130,134.5,117.7,116,18.5,1.7,15.95,1.47,yes
131,85.6,119.6,116,-30.4,3.6,-26.21,3.10,yes
132,107.1,120.6,116,-8.9,4.6,-7.67,3.97,yes
133,106.1,124.8,116,-9.9,8.8,-8.53,7.59,yes
134,125.8,127.2,116,9.8,11.2,8.45,9.66,yes
135,118.1,128,116,2.1,12,1.81,10.34,yes
136,128.9,128.3,116,12.9,12.3,11.12,10.60,yes
137,145.4,102,115,30.4,-13,26.43,-11.30,yes
138,121.6,106.2,115,6.6,-8.8,5.74,-7.65,yes
139,110.9,109.2,115,-4.1,-5.8,-3.57,-5.04,yes
140,32.2,112.6,115,-82.8,-2.4,-72.00,-2.09,yes
141,195.2,113.3,115,80.2,-1.7,69.74,-1.48,yes
142,103.7,114.9,115,-11.3,-0.1,-9.83,-0.09,yes
143,102.4,121,115,-12.6,6,-10.96,5.22,yes
144,107.3,122.8,115,-7.7,7.8,-6.70,6.78,yes
145,110.1,123.1,115,-4.9,8.1,-4.26,7.04,yes
146,99.7,125.2,115,-15.3,10.2,-13.30,8.87,yes
147,133,103.8,114,19,-10.2,16.67,-8.95,yes
148,133.8,104.8,114,19.8,-9.2,17.37,-8.07,yes
149,134.7,105.1,114,20.7,-8.9,18.16,-7.81,yes
150,95.3,107.8,114,-18.7,-6.2,-16.40,-5.44,yes
151,108.8,121,114,-5.2,7,-4.56,6.14,yes
152,130.5,121.7,114,16.5,7.7,14.47,6.75,yes
153,104.1,127.7,114,-9.9,13.7,-8.68,12.02,yes
154,167.6,135.7,114,53.6,21.7,47.02,19.04,yes
155,131.2,106.8,113.5,17.7,-6.7,15.59,-5.90,yes
156,140.1,104,113,27.1,-9,23.98,-7.96,yes
157,113.6,104.3,113,0.6,-8.7,0.53,-7.70,yes
158,69,107,113,-44,-6,-38.94,-5.31,yes
159,152.6,108.4,113,39.6,-4.6,35.04,-4.07,yes
160,167.1,112.3,113,54.1,-0.7,47.88,-0.62,yes
161,138.4,113.2,113,25.4,0.2,22.48,0.18,yes
162,151.9,116.2,113,38.9,3.2,34.42,2.83,yes
163,176.1,117.5,113,63.1,4.5,55.84,3.98,yes
164,116.6,121.7,113,3.6,8.7,3.19,7.70,yes
165,96.9,88.9,112,-15.1,-23.1,-13.48,-20.63,yes
166,90.3,98.7,112,-21.7,-13.3,-19.38,-11.88,yes
167,94.9,100,112,-17.1,-12,-15.27,-10.71,yes
168,117.1,110.6,112,5.1,-1.4,4.55,-1.25,yes
169,196.7,112.8,112,84.7,0.8,75.63,0.71,yes
170,133.3,113.1,112,21.3,1.1,19.02,0.98,yes
171,163,113.8,112,51,1.8,45.54,1.61,yes
172,96.6,115.2,112,-15.4,3.2,-13.75,2.86,yes
173,122.7,115.8,112,10.7,3.8,9.55,3.39,yes
174,118.4,115.8,112,6.4,3.8,5.71,3.39,yes
175,102.6,116.1,112,-9.4,4.1,-8.39,3.66,yes
176,118.5,116.4,112,6.5,4.4,5.80,3.93,yes
177,79.9,116.7,112,-32.1,4.7,-28.66,4.20,yes
178,88.6,117.7,112,-23.4,5.7,-20.89,5.09,yes
179,109.7,119,112,-2.3,7,-2.05,6.25,yes
180,188.1,123,112,76.1,11,67.95,9.82,yes
181,105.3,131.3,112,-6.7,19.3,-5.98,17.23,yes
182,128.9,131.7,112,16.9,19.7,15.09,17.59,yes
183,122.9,133.3,112,10.9,21.3,9.73,19.02,yes
184,139.7,139,112,27.7,27,24.73,24.11,yes
185,118.1,92.1,111,7.1,-18.9,6.40,-17.03,yes
186,138.3,99.5,111,27.3,-11.5,24.59,-10.36,yes
187,128.9,102.8,111,17.9,-8.2,16.13,-7.39,yes
188,118.4,107,111,7.4,-4,6.67,-3.60,yes
189,108.8,107.3,111,-2.2,-3.7,-1.98,-3.33,yes
190,93.5,110.1,111,-17.5,-0.9,-15.77,-0.81,yes
191,112.2,112.7,111,1.2,1.7,1.08,1.53,yes
192,129.7,115.4,111,18.7,4.4,16.85,3.96,yes
193,217.3,117.5,111,106.3,6.5,95.77,5.86,yes
194,123.5,121.4,111,12.5,10.4,11.26,9.37,yes
195,140.9,122.2,111,29.9,11.2,26.94,10.09,yes
196,95.4,122.3,111,-15.6,11.3,-14.05,10.18,yes
197,160,125.3,111,49,14.3,44.14,12.88,yes
198,106.9,88.3,110,-3.1,-21.7,-2.82,-19.73,yes
199,114.5,97.9,110,4.5,-12.1,4.09,-11.00,yes
200,144.2,99.8,110,34.2,-10.2,31.09,-9.27,yes
201,166.9,100.7,110,56.9,-9.3,51.73,-8.45,yes
202,128.3,101,110,18.3,-9,16.64,-8.18,yes
203,97.8,102.6,110,-12.2,-7.4,-11.09,-6.73,yes
204,107.7,103,110,-2.3,-7,-2.09,-6.36,yes
205,158.3,103.6,110,48.3,-6.4,43.91,-5.82,yes
206,104,104.2,110,-6,-5.8,-5.45,-5.27,yes
207,165.5,105.2,110,55.5,-4.8,50.45,-4.36,yes
208,105.1,108.6,110,-4.9,-1.4,-4.45,-1.27,yes
209,142.8,109.4,110,32.8,-0.6,29.82,-0.55,yes
210,122.9,113.7,110,12.9,3.7,11.73,3.36,yes
211,136.1,114.4,110,26.1,4.4,23.73,4.00,yes
212,109.7,118.2,110,-0.3,8.2,-0.27,7.45,yes
213,170.9,119.9,110,60.9,9.9,55.36,9.00,yes
214,94.3,122.9,110,-15.7,12.9,-14.27,11.73,yes
215,85.4,98,109,-23.6,-11,-21.65,-10.09,yes
216,140.5,101.2,109,31.5,-7.8,28.90,-7.16,yes
217,139.7,102.7,109,30.7,-6.3,28.17,-5.78,yes
218,112,103.8,109,3,-5.2,2.75,-4.77,yes
219,110.1,105.2,109,1.1,-3.8,1.01,-3.49,yes
220,88.8,105.9,109,-20.2,-3.1,-18.53,-2.84,yes
221,129.9,107.5,109,20.9,-1.5,19.17,-1.38,yes
222,123.1,108.4,109,14.1,-0.6,12.94,-0.55,yes
223,140.7,111.6,109,31.7,2.6,29.08,2.39,yes
224,93.9,112.3,109,-15.1,3.3,-13.85,3.03,yes
225,144.9,115.4,109,35.9,6.4,32.94,5.87,yes
226,149.4,116.2,109,40.4,7.2,37.06,6.61,yes
227,131.8,116.9,109,22.8,7.9,20.92,7.25,yes
228,123.5,119.6,109,14.5,10.6,13.30,9.72,yes
229,127,124.9,109,18,15.9,16.51,14.59,yes
230,110.5,93.6,108,2.5,-14.4,2.31,-13.33,yes
231,142,96.6,108,34,-11.4,31.48,-10.56,yes
232,106.5,97.2,108,-1.5,-10.8,-1.39,-10.00,yes
233,156.1,100.8,108,48.1,-7.2,44.54,-6.67,yes
234,126.6,103.5,108,18.6,-4.5,17.22,-4.17,yes
235,134.6,104.1,108,26.6,-3.9,24.63,-3.61,yes
236,103.3,104.2,108,-4.7,-3.8,-4.35,-3.52,yes
237,141.1,104.3,108,33.1,-3.7,30.65,-3.43,yes
238,143.2,105.3,108,35.2,-2.7,32.59,-2.50,yes
239,75.9,105.6,108,-32.1,-2.4,-29.72,-2.22,yes
240,136.2,113.6,108,28.2,5.6,26.11,5.19,yes
241,134.5,114,108,26.5,6,24.54,5.56,yes
242,130.8,99,107.5,23.3,-8.5,21.67,-7.91,yes
243,97.9,88.7,107,-9.1,-18.3,-8.50,-17.10,yes
244,133.9,105.9,107,26.9,-1.1,25.14,-1.03,yes
245,117,106.9,107,10,-0.1,9.35,-0.09,yes
246,125.8,107.6,107,18.8,0.6,17.57,0.56,yes
247,146.8,109.2,107,39.8,2.2,37.20,2.06,yes
248,107.3,109.7,107,0.3,2.7,0.28,2.52,yes
249,113.6,111.6,107,6.6,4.6,6.17,4.30,yes
250,149.4,112.7,107,42.4,5.7,39.63,5.33,yes
251,108.6,122.3,107,1.6,15.3,1.50,14.30,yes
252,147.2,125.4,107,40.2,18.4,37.57,17.20,yes
253,141.9,92.7,106,35.9,-13.3,33.87,-12.55,yes
254,152.4,106.2,106,46.4,0.2,43.77,0.19,yes
255,114.2,110.6,106,8.2,4.6,7.74,4.34,yes
256,100,111.6,106,-6,5.6,-5.66,5.28,yes
257,138.8,118.4,106,32.8,12.4,30.94,11.70,yes
258,154,97.7,105,49,-7.3,46.67,-6.95,yes
259,129.4,101.9,105,24.4,-3.1,23.24,-2.95,yes
260,98.3,104.1,105,-6.7,-0.9,-6.38,-0.86,yes
261,123.7,104.9,105,18.7,-0.1,17.81,-0.10,yes
262,126.9,105.8,105,21.9,0.8,20.86,0.76,yes
263,105.1,107.6,105,0.1,2.6,0.10,2.48,yes
264,127.4,108.1,105,22.4,3.1,21.33,2.95,yes
265,105.8,112.1,105,0.8,7.1,0.76,6.76,yes
266,220,114.9,105,115,9.9,109.52,9.43,yes
267,126.4,124.8,105,21.4,19.8,20.38,18.86,yes
268,121.7,92,104,17.7,-12,17.02,-11.54,yes
269,97,95.5,104,-7,-8.5,-6.73,-8.17,yes
270,108.4,97.7,104,4.4,-6.3,4.23,-6.06,yes
271,139.7,98.6,104,35.7,-5.4,34.33,-5.19,yes
272,100.3,98.9,104,-3.7,-5.1,-3.56,-4.90,yes
273,155.6,104.7,104,51.6,0.7,49.62,0.67,yes
274,122.2,105.9,104,18.2,1.9,17.50,1.83,yes
275,149.2,107.3,104,45.2,3.3,43.46,3.17,yes
276,112.2,108.6,104,8.2,4.6,7.88,4.42,yes
277,120.5,110.1,104,16.5,6.1,15.87,5.87,yes
278,99.8,114.3,104,-4.2,10.3,-4.04,9.90,yes
279,123.5,117.2,104,19.5,13.2,18.75,12.69,yes
280,86.5,118,104,-17.5,14,-16.83,13.46,yes
281,107.7,93.1,103,4.7,-9.9,4.56,-9.61,yes
282,154,94.3,103,51,-8.7,49.51,-8.45,yes
283,115.8,97.4,103,12.8,-5.6,12.43,-5.44,yes
284,120,99.9,103,17,-3.1,16.50,-3.01,yes
285,137.6,100.2,103,34.6,-2.8,33.59,-2.72,yes
286,42.9,100.9,103,-60.1,-2.1,-58.35,-2.04,yes
287,84.1,101.5,103,-18.9,-1.5,-18.35,-1.46,yes
288,140,101.6,103,37,-1.4,35.92,-1.36,yes
289,98.3,105.3,103,-4.7,2.3,-4.56,2.23,yes
290,130.8,105.7,103,27.8,2.7,26.99,2.62,yes
291,132.1,106.3,103,29.1,3.3,28.25,3.20,yes
292,99.4,108.7,103,-3.6,5.7,-3.50,5.53,yes
293,99.2,109.1,103,-3.8,6.1,-3.69,5.92,yes
294,157,109.3,103,54,6.3,52.43,6.12,yes
295,117,109.7,103,14,6.7,13.59,6.50,yes
296,122.9,110.8,103,19.9,7.8,19.32,7.57,yes
297,105.8,110.9,103,2.8,7.9,2.72,7.67,yes
298,131.3,114.3,103,28.3,11.3,27.48,10.97,yes
299,113.1,118.1,103,10.1,15.1,9.81,14.66,yes
300,141.9,124.8,103,38.9,21.8,37.77,21.17,yes
301,76.8,90.3,102,-25.2,-11.7,-24.71,-11.47,yes
302,107.3,92.4,102,5.3,-9.6,5.20,-9.41,yes
303,118.8,93.6,102,16.8,-8.4,16.47,-8.24,yes
304,101.7,95.1,102,-0.3,-6.9,-0.29,-6.76,yes
305,89.6,97.5,102,-12.4,-4.5,-12.16,-4.41,yes
306,143.2,99.9,102,41.2,-2.1,40.39,-2.06,yes
307,102.6,102.2,102,0.6,0.2,0.59,0.20,yes
308,158.4,103,102,56.4,1,55.29,0.98,yes
309,128.9,103.4,102,26.9,1.4,26.37,1.37,yes
310,147.8,103.8,102,45.8,1.8,44.90,1.76,yes
311,159.8,104.1,102,57.8,2.1,56.67,2.06,yes
312,99.4,108.1,102,-2.6,6.1,-2.55,5.98,yes
313,89.6,108.8,102,-12.4,6.8,-12.16,6.67,yes
314,101.5,109.2,102,-0.5,7.2,-0.49,7.06,yes
315,92.4,112.1,102,-9.6,10.1,-9.41,9.90,yes
316,123.9,113.1,102,21.9,11.1,21.47,10.88,yes
317,90.3,114.1,102,-11.7,12.1,-11.47,11.86,yes
318,97,121.6,102,-5,19.6,-4.90,19.22,yes
319,164.1,85.6,101,63.1,-15.4,62.48,-15.25,yes
320,158.4,92.7,101,57.4,-8.3,56.83,-8.22,yes
321,104.8,94,101,3.8,-7,3.76,-6.93,yes
322,168.3,97.2,101,67.3,-3.8,66.63,-3.76,yes
323,154.2,97.3,101,53.2,-3.7,52.67,-3.66,yes
324,100.2,100.2,101,-0.8,-0.8,-0.79,-0.79,yes
325,149.2,103.1,101,48.2,2.1,47.72,2.08,yes
326,113.9,105.3,101,12.9,4.3,12.77,4.26,yes
327,136.1,106.1,101,35.1,5.1,34.75,5.05,yes
328,158.5,107,101,57.5,6,56.93,5.94,yes
329,80.3,113.1,101,-20.7,12.1,-20.50,11.98,yes
330,124.1,113.9,101,23.1,12.9,22.87,12.77,yes
331,113.4,115.6,101,12.4,14.6,12.28,14.46,yes
332,101.8,121.1,101,0.8,20.1,0.79,19.90,yes
333,169.8,123,101,68.8,22,68.12,21.78,yes
334,122.6,84.4,100,22.6,-15.6,22.60,-15.60,yes
335,101.1,90.8,100,1.1,-9.2,1.10,-9.20,yes
336,126.6,92.8,100,26.6,-7.2,26.60,-7.20,yes
337,85.9,93.1,100,-14.1,-6.9,-14.10,-6.90,yes
338,104.5,93.4,100,4.5,-6.6,4.50,-6.60,yes
339,113.2,96.7,100,13.2,-3.3,13.20,-3.30,yes
340,95.5,97.4,100,-4.5,-2.6,-4.50,-2.60,yes
341,122.7,97.9,100,22.7,-2.1,22.70,-2.10,yes
342,121.6,99.5,100,21.6,-0.5,21.60,-0.50,yes
343,142.4,100,100,42.4,0,42.40,0.00,yes
344,72.1,101.8,100,-27.9,1.8,-27.90,1.80,yes
345,92.9,102.4,100,-7.1,2.4,-7.10,2.40,yes
346,120.5,102.6,100,20.5,2.6,20.50,2.60,yes
347,123.1,103.1,100,23.1,3.1,23.10,3.10,yes
348,106.9,104.9,100,6.9,4.9,6.90,4.90,yes
349,132.1,105.3,100,32.1,5.3,32.10,5.30,yes
350,102.7,105.6,100,2.7,5.6,2.70,5.60,yes
351,175.6,107.3,100,75.6,7.3,75.60,7.30,yes
352,159.8,107.4,100,59.8,7.4,59.80,7.40,yes
353,99.2,109.1,100,-0.8,9.1,-0.80,9.10,yes
354,140.5,113.1,100,40.5,13.1,40.50,13.10,yes
355,115.4,82.1,99,16.4,-16.9,16.57,-17.07,yes
356,121.7,89.2,99,22.7,-9.8,22.93,-9.90,yes
357,124.6,90.1,99,25.6,-8.9,25.86,-8.99,yes
358,85,91.7,99,-14,-7.3,-14.14,-7.37,yes
359,113,94.9,99,14,-4.1,14.14,-4.14,yes
360,129.1,98.3,99,30.1,-0.7,30.40,-0.71,yes
361,98.3,98.3,99,-0.7,-0.7,-0.71,-0.71,yes
362,131.2,99.9,99,32.2,0.9,32.53,0.91,yes
363,124.1,102.3,99,25.1,3.3,25.35,3.33,yes
364,142.7,104.9,99,43.7,5.9,44.14,5.96,yes
365,105.7,106.2,99,6.7,7.2,6.77,7.27,yes
366,103.8,110.3,99,4.8,11.3,4.85,11.41,yes
367,152.9,112.1,99,53.9,13.1,54.44,13.23,yes
368,141.9,123.3,99,42.9,24.3,43.33,24.55,yes
369,112.2,90.5,98,14.2,-7.5,14.49,-7.65,yes
370,86.6,91.4,98,-11.4,-6.6,-11.63,-6.73,yes
371,110.3,93.8,98,12.3,-4.2,12.55,-4.29,yes
372,134.9,94.8,98,36.9,-3.2,37.65,-3.27,yes
373,123.7,95.7,98,25.7,-2.3,26.22,-2.35,yes
374,151.9,95.9,98,53.9,-2.1,55.00,-2.14,yes
375,89.7,99.4,98,-8.3,1.4,-8.47,1.43,yes
376,111.5,100.6,98,13.5,2.6,13.78,2.65,yes
377,96.1,100.8,98,-1.9,2.8,-1.94,2.86,yes
378,114,104.9,98,16,6.9,16.33,7.04,yes
379,161.2,105.5,98,63.2,7.5,64.49,7.65,yes
380,126,107.4,98,28,9.4,28.57,9.59,yes
381,129.9,108.6,98,31.9,10.6,32.55,10.82,yes
382,147.7,112.8,98,49.7,14.8,50.71,15.10,yes
383,106.2,114.6,98,8.2,16.6,8.37,16.94,yes
384,81,88.3,97,-16,-8.7,-16.49,-8.97,yes
385,114.5,90.5,97,17.5,-6.5,18.04,-6.70,yes
386,115.6,90.7,97,18.6,-6.3,19.18,-6.49,yes
387,132.2,93.1,97,35.2,-3.9,36.29,-4.02,yes
388,91.1,95.9,97,-5.9,-1.1,-6.08,-1.13,yes
389,93.9,98,97,-3.1,1,-3.20,1.03,yes
390,133.6,98.2,97,36.6,1.2,37.73,1.24,yes
391,41.7,98.9,97,-55.3,1.9,-57.01,1.96,yes
392,126.9,99.4,97,29.9,2.4,30.82,2.47,yes
393,111.5,100.6,97,14.5,3.6,14.95,3.71,yes
394,123.1,100.8,97,26.1,3.8,26.91,3.92,yes
395,130.1,100.9,97,33.1,3.9,34.12,4.02,yes
396,24.6,102,97,-72.4,5,-74.64,5.15,yes
397,136.2,106.5,97,39.2,9.5,40.41,9.79,yes
398,112.7,106.9,97,15.7,9.9,16.19,10.21,yes
399,76.5,76.5,96,-19.5,-19.5,-20.31,-20.31,yes
400,111.2,85.8,96,15.2,-10.2,15.83,-10.63,yes
401,115.6,87.1,96,19.6,-8.9,20.42,-9.27,yes
402,108.8,89.9,96,12.8,-6.1,13.33,-6.35,yes
403,127.7,90.1,96,31.7,-5.9,33.02,-6.15,yes
404,94,90.7,96,-2,-5.3,-2.08,-5.52,yes
405,71.9,90.9,96,-24.1,-5.1,-25.10,-5.31,yes
406,132.1,92.9,96,36.1,-3.1,37.60,-3.23,yes
407,98.3,93.8,96,2.3,-2.2,2.40,-2.29,yes
408,98.3,94.5,96,2.3,-1.5,2.40,-1.56,yes
409,115.4,94.9,96,19.4,-1.1,20.21,-1.15,yes
410,120.6,95,96,24.6,-1,25.63,-1.04,yes
411,99.2,95.4,96,3.2,-0.6,3.33,-0.63,yes
412,95.1,95.7,96,-0.9,-0.3,-0.94,-0.31,yes
413,117.4,96.2,96,21.4,0.2,22.29,0.21,yes
414,138.5,97.7,96,42.5,1.7,44.27,1.77,yes
415,105.6,98.1,96,9.6,2.1,10.00,2.19,yes
416,140,98.7,96,44,2.7,45.83,2.81,yes
417,121.6,99.9,96,25.6,3.9,26.67,4.06,yes
418,110.9,105,96,14.9,9,15.52,9.38,yes
419,128.9,106.3,96,32.9,10.3,34.27,10.73,yes
420,92.4,107.9,96,-3.6,11.9,-3.75,12.40,yes
421,124.7,81.6,95,29.7,-13.4,31.26,-14.11,yes
422,134.5,85.5,95,39.5,-9.5,41.58,-10.00,yes
423,134.9,87,95,39.9,-8,42.00,-8.42,yes
424,102,88.3,95,7,-6.7,7.37,-7.05,yes
425,88,89.4,95,-7,-5.6,-7.37,-5.89,yes
426,113,90,95,18,-5,18.95,-5.26,yes
427,98.3,90.5,95,3.3,-4.5,3.47,-4.74,yes
428,110.9,90.8,95,15.9,-4.2,16.74,-4.42,yes
429,107.8,91.4,95,12.8,-3.6,13.47,-3.79,yes
430,103.7,91.5,95,8.7,-3.5,9.16,-3.68,yes
431,108.8,91.9,95,13.8,-3.1,14.53,-3.26,yes
432,136.1,92.8,95,41.1,-2.2,43.26,-2.32,yes
433,132.5,94.6,95,37.5,-0.4,39.47,-0.42,yes
434,124.9,95.3,95,29.9,0.3,31.47,0.32,yes
435,184.4,96.6,95,89.4,1.6,94.11,1.68,yes
436,92.1,96.8,95,-2.9,1.8,-3.05,1.89,yes
437,106.3,101.5,95,11.3,6.5,11.89,6.84,yes
438,144,103.8,95,49,8.8,51.58,9.26,yes
439,146.9,104.7,95,51.9,9.7,54.63,10.21,yes
440,117.8,105.3,95,22.8,10.3,24.00,10.84,yes
441,83.2,107.9,95,-11.8,12.9,-12.42,13.58,yes
442,88.5,109.5,95,-6.5,14.5,-6.84,15.26,yes
443,71.4,86.3,94,-22.6,-7.7,-24.04,-8.19,yes
444,95.8,87.8,94,1.8,-6.2,1.91,-6.60,yes
445,132.4,87.9,94,38.4,-6.1,40.85,-6.49,yes
446,123.7,89.7,94,29.7,-4.3,31.60,-4.57,yes
447,102.8,91.8,94,8.8,-2.2,9.36,-2.34,yes
448,106.5,91.9,94,12.5,-2.1,13.30,-2.23,yes
449,112,92.7,94,18,-1.3,19.15,-1.38,yes
450,94.3,92.8,94,0.3,-1.2,0.32,-1.28,yes
451,97.3,93.8,94,3.3,-0.2,3.51,-0.21,yes
452,122.7,95.6,94,28.7,1.6,30.53,1.70,yes
453,106,95.8,94,12,1.8,12.77,1.91,yes
454,119.4,96.4,94,25.4,2.4,27.02,2.55,yes
455,126.9,97.1,94,32.9,3.1,35.00,3.30,yes
456,110.9,97.8,94,16.9,3.8,17.98,4.04,yes
457,109.5,97.8,94,15.5,3.8,16.49,4.04,yes
458,118.4,98.7,94,24.4,4.7,25.96,5.00,yes
459,114.9,99.6,94,20.9,5.6,22.23,5.96,yes
460,108.4,104.3,94,14.4,10.3,15.32,10.96,yes
461,95,105.3,94,1,11.3,1.06,12.02,yes
462,111.5,93.1,93.5,18,-0.4,19.25,-0.43,yes
463,70.2,70.2,93,-22.8,-22.8,-24.52,-24.52,yes
464,124.6,82.3,93,31.6,-10.7,33.98,-11.51,yes
465,91.1,84.2,93,-1.9,-8.8,-2.04,-9.46,yes
466,103.7,85.7,93,10.7,-7.3,11.51,-7.85,yes
467,120.6,86.8,93,27.6,-6.2,29.68,-6.67,yes
468,121.6,87.6,93,28.6,-5.4,30.75,-5.81,yes
469,88.8,87.8,93,-4.2,-5.2,-4.52,-5.59,yes
470,111,88.5,93,18,-4.5,19.35,-4.84,yes
471,85.6,89,93,-7.4,-4,-7.96,-4.30,yes
472,124.6,89.3,93,31.6,-3.7,33.98,-3.98,yes
473,100.6,89.4,93,7.6,-3.6,8.17,-3.87,yes
474,179.4,89.4,93,86.4,-3.6,92.90,-3.87,yes
475,112.2,89.9,93,19.2,-3.1,20.65,-3.33,yes
476,126.8,90.4,93,33.8,-2.6,36.34,-2.80,yes
477,120.4,90.5,93,27.4,-2.5,29.46,-2.69,yes
478,101.2,91.2,93,8.2,-1.8,8.82,-1.94,yes
479,104.2,92.2,93,11.2,-0.8,12.04,-0.86,yes
480,111,93.8,93,18,0.8,19.35,0.86,yes
481,125.8,93.9,93,32.8,0.9,35.27,0.97,yes
482,149.6,95.8,93,56.6,2.8,60.86,3.01,yes
483,131.7,96.1,93,38.7,3.1,41.61,3.33,yes
484,137.6,98,93,44.6,5,47.96,5.38,yes
485,131.7,103,93,38.7,10,41.61,10.75,yes
486,150.5,103.7,93,57.5,10.7,61.83,11.51,yes
487,101.1,105.7,93,8.1,12.7,8.71,13.66,yes
488,98.3,109.7,93,5.3,16.7,5.70,17.96,yes
489,114.8,112,93,21.8,19,23.44,20.43,yes
490,101.1,112.4,93,8.1,19.4,8.71,20.86,yes
491,97.4,85.1,92,5.4,-6.9,5.87,-7.50,yes
492,135.7,87.4,92,43.7,-4.6,47.50,-5.00,yes
493,120.5,87.4,92,28.5,-4.6,30.98,-5.00,yes
494,128.8,88.5,92,36.8,-3.5,40.00,-3.80,yes
495,111,88.5,92,19,-3.5,20.65,-3.80,yes
496,123.7,89.6,92,31.7,-2.4,34.46,-2.61,yes
497,90.3,89.9,92,-1.7,-2.1,-1.85,-2.28,yes
498,101.5,90.3,92,9.5,-1.7,10.33,-1.85,yes
499,143.4,91.7,92,51.4,-0.3,55.87,-0.33,yes
500,78.7,92.5,92,-13.3,0.5,-14.46,0.54,yes
501,119.4,92.7,92,27.4,0.7,29.78,0.76,yes
502,81.2,93,92,-10.8,1,-11.74,1.09,yes
503,118.3,93.3,92,26.3,1.3,28.59,1.41,yes
504,134.6,96.7,92,42.6,4.7,46.30,5.11,yes
505,162.9,97.8,92,70.9,5.8,77.07,6.30,yes
506,104.7,98,92,12.7,6,13.80,6.52,yes
507,115.3,98.7,92,23.3,6.7,25.33,7.28,yes
508,122.7,81.7,91,31.7,-9.3,34.84,-10.22,yes
509,76,84,91,-15,-7,-16.48,-7.69,yes
510,100.2,85,91,9.2,-6,10.11,-6.59,yes
511,138,85.3,91,47,-5.7,51.65,-6.26,yes
512,108.4,85.7,91,17.4,-5.3,19.12,-5.82,yes
513,119.3,86.6,91,28.3,-4.4,31.10,-4.84,yes
514,122.7,87.3,91,31.7,-3.7,34.84,-4.07,yes
515,114.5,87.4,91,23.5,-3.6,25.82,-3.96,yes
516,105.1,87.6,91,14.1,-3.4,15.49,-3.74,yes
517,90.3,88.1,91,-0.7,-2.9,-0.77,-3.19,yes
518,111.5,89.1,91,20.5,-1.9,22.53,-2.09,yes
519,99.7,89.1,91,8.7,-1.9,9.56,-2.09,yes
520,104.7,89.4,91,13.7,-1.6,15.05,-1.76,yes
521,88.2,90.4,91,-2.8,-0.6,-3.08,-0.66,yes
522,134.7,90.5,91,43.7,-0.5,48.02,-0.55,yes
523,116.4,92.6,91,25.4,1.6,27.91,1.76,yes
524,120.5,93.8,91,29.5,2.8,32.42,3.08,yes
525,115.4,94.6,91,24.4,3.6,26.81,3.96,yes
526,104.9,95,91,13.9,4,15.27,4.40,yes
527,107.6,95.9,91,16.6,4.9,18.24,5.38,yes
528,118.5,99.3,91,27.5,8.3,30.22,9.12,yes
529,124.8,99.7,91,33.8,8.7,37.14,9.56,yes
530,100.5,103.7,91,9.5,12.7,10.44,13.96,yes
531,86.2,77.1,90,-3.8,-12.9,-4.22,-14.33,yes
532,112.7,79,90,22.7,-11,25.22,-12.22,yes
533,98,79.5,90,8,-10.5,8.89,-11.67,yes
534,96.6,81.6,90,6.6,-8.4,7.33,-9.33,yes
535,89.6,82.1,90,-0.4,-7.9,-0.44,-8.78,yes
536,122.7,82.3,90,32.7,-7.7,36.33,-8.56,yes
537,104.5,85.1,90,14.5,-4.9,16.11,-5.44,yes
538,101.2,85.3,90,11.2,-4.7,12.44,-5.22,yes
539,103.7,86.9,90,13.7,-3.1,15.22,-3.44,yes
540,88,87.4,90,-2,-2.6,-2.22,-2.89,yes
541,101.2,88.6,90,11.2,-1.4,12.44,-1.56,yes
542,91.8,88.6,90,1.8,-1.4,2.00,-1.56,yes
543,107.8,89.8,90,17.8,-0.2,19.78,-0.22,yes
544,115.8,94,90,25.8,4,28.67,4.44,yes
545,102.2,94.8,90,12.2,4.8,13.56,5.33,yes
546,108,95.2,90,18,5.2,20.00,5.78,yes
547,89.7,96,90,-0.3,6,-0.33,6.67,yes
548,90.9,96.4,90,0.9,6.4,1.00,7.11,yes
549,119.5,96.8,90,29.5,6.8,32.78,7.56,yes
550,110.9,104.4,90,20.9,14.4,23.22,16.00,yes
551,105.9,106.2,90,15.9,16.2,17.67,18.00,yes
552,110.3,80.1,89,21.3,-8.9,23.93,-10.00,yes
553,120.6,82.5,89,31.6,-6.5,35.51,-7.30,yes
554,91.5,82.9,89,2.5,-6.1,2.81,-6.85,yes
555,119.5,83.3,89,30.5,-5.7,34.27,-6.40,yes
556,107.8,85.4,89,18.8,-3.6,21.12,-4.04,yes
557,90.3,88.2,89,1.3,-0.8,1.46,-0.90,yes
558,131.3,88.8,89,42.3,-0.2,47.53,-0.22,yes
559,104.2,89.1,89,15.2,0.1,17.08,0.11,yes
560,103.7,89.8,89,14.7,0.8,16.52,0.90,yes
561,102.4,90.1,89,13.4,1.1,15.06,1.24,yes
562,91.9,90.4,89,2.9,1.4,3.26,1.57,yes
563,89.6,91.4,89,0.6,2.4,0.67,2.70,yes
564,124.7,91.5,89,35.7,2.5,40.11,2.81,yes
565,91.5,92.6,89,2.5,3.6,2.81,4.04,yes
566,152.2,92.8,89,63.2,3.8,71.01,4.27,yes
567,91.9,93.2,89,2.9,4.2,3.26,4.72,yes
568,121.7,93.8,89,32.7,4.8,36.74,5.39,yes
569,109.7,93.9,89,20.7,4.9,23.26,5.51,yes
570,95.9,97.2,89,6.9,8.2,7.75,9.21,yes
571,92.8,97.8,89,3.8,8.8,4.27,9.89,yes
572,138.3,100.6,89,49.3,11.6,55.39,13.03,yes
573,84.4,80.8,88,-3.6,-7.2,-4.09,-8.18,yes
574,93.9,81.2,88,5.9,-6.8,6.70,-7.73,yes
575,91.1,82.7,88,3.1,-5.3,3.52,-6.02,yes
576,102,83.5,88,14,-4.5,15.91,-5.11,yes
577,109.1,84,88,21.1,-4,23.98,-4.55,yes
578,102.4,84.2,88,14.4,-3.8,16.36,-4.32,yes
579,93.5,85.2,88,5.5,-2.8,6.25,-3.18,yes
580,91.9,85.4,88,3.9,-2.6,4.43,-2.95,yes
581,129.2,85.5,88,41.2,-2.5,46.82,-2.84,yes
582,88.7,86.2,88,0.7,-1.8,0.80,-2.05,yes
583,139.7,86.4,88,51.7,-1.6,58.75,-1.82,yes
584,128.1,87,88,40.1,-1,45.57,-1.14,yes
585,117.4,87.5,88,29.4,-0.5,33.41,-0.57,yes
586,96.8,87.7,88,8.8,-0.3,10.00,-0.34,yes
587,114.4,88.9,88,26.4,0.9,30.00,1.02,yes
588,120,89.1,88,32,1.1,36.36,1.25,yes
589,139.4,89.1,88,51.4,1.1,58.41,1.25,yes
590,91.5,90.2,88,3.5,2.2,3.98,2.50,yes
591,128.8,90.5,88,40.8,2.5,46.36,2.84,yes
592,104.2,90.7,88,16.2,2.7,18.41,3.07,yes
593,129.9,91.5,88,41.9,3.5,47.61,3.98,yes
594,91.8,92,88,3.8,4,4.32,4.55,yes
595,65.1,94.7,88,-22.9,6.7,-26.02,7.61,yes
596,122.2,96.2,88,34.2,8.2,38.86,9.32,yes
597,129.7,97.9,88,41.7,9.9,47.39,11.25,yes
598,141.1,107.9,88,53.1,19.9,60.34,22.61,yes
599,101.1,110.5,88,13.1,22.5,14.89,25.57,yes
600,77.2,75.1,87,-9.8,-11.9,-11.26,-13.68,yes
601,93.8,75.2,87,6.8,-11.8,7.82,-13.56,yes
602,110.9,75.5,87,23.9,-11.5,27.47,-13.22,yes
603,89.4,75.9,87,2.4,-11.1,2.76,-12.76,yes
604,77,78.5,87,-10,-8.5,-11.49,-9.77,yes
605,97.4,79.1,87,10.4,-7.9,11.95,-9.08,yes
606,91.9,79.2,87,4.9,-7.8,5.63,-8.97,yes
607,93.9,80.1,87,6.9,-6.9,7.93,-7.93,yes
608,91.1,81,87,4.1,-6,4.71,-6.90,yes
609,84.8,81.3,87,-2.2,-5.7,-2.53,-6.55,yes
610,111.5,81.7,87,24.5,-5.3,28.16,-6.09,yes
611,124.7,81.7,87,37.7,-5.3,43.33,-6.09,yes
612,83.1,81.8,87,-3.9,-5.2,-4.48,-5.98,yes
613,89.5,82.6,87,2.5,-4.4,2.87,-5.06,yes
614,83.5,82.9,87,-3.5,-4.1,-4.02,-4.71,yes
615,93.5,83.4,87,6.5,-3.6,7.47,-4.14,yes
616,68.4,83.4,87,-18.6,-3.6,-21.38,-4.14,yes
617,91.8,83.5,87,4.8,-3.5,5.52,-4.02,yes
618,88.9,85.3,87,1.9,-1.7,2.18,-1.95,yes
619,163.4,85.9,87,76.4,-1.1,87.82,-1.26,yes
620,85.9,86.1,87,-1.1,-0.9,-1.26,-1.03,yes
621,108.5,86.2,87,21.5,-0.8,24.71,-0.92,yes
622,79,87.2,87,-8,0.2,-9.20,0.23,yes
623,138.1,88,87,51.1,1,58.74,1.15,yes
624,126.9,89.1,87,39.9,2.1,45.86,2.41,yes
625,139.7,89.5,87,52.7,2.5,60.57,2.87,yes
626,107.8,90.6,87,20.8,3.6,23.91,4.14,yes
627,91.1,91,87,4.1,4,4.71,4.60,yes
628,88.5,93.8,87,1.5,6.8,1.72,7.82,yes
629,83.2,95.6,87,-3.8,8.6,-4.37,9.89,yes
630,131.7,96,87,44.7,9,51.38,10.34,yes
631,117.1,96.2,87,30.1,9.2,34.60,10.57,yes
632,87.4,96.7,87,0.4,9.7,0.46,11.15,yes
633,123.7,97.2,87,36.7,10.2,42.18,11.72,yes
634,109.1,97.8,87,22.1,10.8,25.40,12.41,yes
635,105.4,101.8,87,18.4,14.8,21.15,17.01,yes
636,82.8,77.4,86,-3.2,-8.6,-3.72,-10.00,yes
637,81.6,78.1,86,-4.4,-7.9,-5.12,-9.19,yes
638,120.5,79.2,86,34.5,-6.8,40.12,-7.91,yes
639,110.9,79.3,86,24.9,-6.7,28.95,-7.79,yes
640,117.5,80.2,86,31.5,-5.8,36.63,-6.74,yes
641,125.8,80.4,86,39.8,-5.6,46.28,-6.51,yes
642,101.1,80.9,86,15.1,-5.1,17.56,-5.93,yes
643,84.1,81,86,-1.9,-5,-2.21,-5.81,yes
644,86.5,81.1,86,0.5,-4.9,0.58,-5.70,yes
645,86.5,81.9,86,0.5,-4.1,0.58,-4.77,yes
646,95.1,82.2,86,9.1,-3.8,10.58,-4.42,yes
647,111,83,86,25,-3,29.07,-3.49,yes
648,77.2,83.3,86,-8.8,-2.7,-10.23,-3.14,yes
649,117.4,83.3,86,31.4,-2.7,36.51,-3.14,yes
650,120.5,84.2,86,34.5,-1.8,40.12,-2.09,yes
651,91.9,84.3,86,5.9,-1.7,6.86,-1.98,yes
652,104.7,84.9,86,18.7,-1.1,21.74,-1.28,yes
653,101.9,85.8,86,15.9,-0.2,18.49,-0.23,yes
654,111.5,86.8,86,25.5,0.8,29.65,0.93,yes
655,117.4,87.2,86,31.4,1.2,36.51,1.40,yes
656,83.1,87.6,86,-2.9,1.6,-3.37,1.86,yes
657,130.6,89.9,86,44.6,3.9,51.86,4.53,yes
658,98.9,90.3,86,12.9,4.3,15.00,5.00,yes
659,105.5,91.7,86,19.5,5.7,22.67,6.63,yes
660,118.1,91.9,86,32.1,5.9,37.33,6.86,yes
661,97,92,86,11,6,12.79,6.98,yes
662,102.3,92.2,86,16.3,6.2,18.95,7.21,yes
663,99.2,94.8,86,13.2,8.8,15.35,10.23,yes
664,212.4,97.1,86,126.4,11.1,146.98,12.91,yes
665,120,97.8,86,34,11.8,39.53,13.72,yes
666,138.8,98.6,86,52.8,12.6,61.40,14.65,yes
667,60.2,76.7,85,-24.8,-8.3,-29.18,-9.76,yes
668,79.9,78.1,85,-5.1,-6.9,-6.00,-8.12,yes
669,71.4,78.4,85,-13.6,-6.6,-16.00,-7.76,yes
670,109.1,80.3,85,24.1,-4.7,28.35,-5.53,yes
671,126.9,81,85,41.9,-4,49.29,-4.71,yes
672,106.4,81.1,85,21.4,-3.9,25.18,-4.59,yes
673,105.1,81.2,85,20.1,-3.8,23.65,-4.47,yes
674,120.5,82.8,85,35.5,-2.2,41.76,-2.59,yes
675,91.9,83.9,85,6.9,-1.1,8.12,-1.29,yes
676,106.9,84,85,21.9,-1,25.76,-1.18,yes
677,181,84.2,85,96,-0.8,112.94,-0.94,yes
678,106.4,85.2,85,21.4,0.2,25.18,0.24,yes
679,112.7,86.1,85,27.7,1.1,32.59,1.29,yes
680,134,86.4,85,49,1.4,57.65,1.65,yes
681,107.1,87.4,85,22.1,2.4,26.00,2.82,yes
682,105.3,87.6,85,20.3,2.6,23.88,3.06,yes
683,154.6,87.8,85,69.6,2.8,81.88,3.29,yes
684,103.8,89,85,18.8,4,22.12,4.71,yes
685,106.9,89.5,85,21.9,4.5,25.76,5.29,yes
686,187.7,90.1,85,102.7,5.1,120.82,6.00,yes
687,112.7,90.4,85,27.7,5.4,32.59,6.35,yes
688,104.6,90.4,85,19.6,5.4,23.06,6.35,yes
689,90.3,91.5,85,5.3,6.5,6.24,7.65,yes
690,83.9,91.6,85,-1.1,6.6,-1.29,7.76,yes
691,127.3,92.6,85,42.3,7.6,49.76,8.94,yes
692,88.7,94.4,85,3.7,9.4,4.35,11.06,yes
693,109.8,95.5,85,24.8,10.5,29.18,12.35,yes
694,86.2,95.9,85,1.2,10.9,1.41,12.82,yes
695,95,97.2,85,10,12.2,11.76,14.35,yes
696,100.5,97.4,85,15.5,12.4,18.24,14.59,yes
697,629,106.5,85,544,21.5,640.00,25.29,no
698,137.5,112.5,85,52.5,27.5,61.76,32.35,yes
699,64.4,74.2,84,-19.6,-9.8,-23.33,-11.67,yes
700,84.3,78,84,0.3,-6,0.36,-7.14,yes
701,107.1,79.4,84,23.1,-4.6,27.50,-5.48,yes
702,78.5,81.8,84,-5.5,-2.2,-6.55,-2.62,yes
703,67.3,82.3,84,-16.7,-1.7,-19.88,-2.02,yes
704,92.7,82.3,84,8.7,-1.7,10.36,-2.02,yes
705,95.9,82.4,84,11.9,-1.6,14.17,-1.90,yes
706,152.4,83.1,84,68.4,-0.9,81.43,-1.07,yes
707,125.8,83.9,84,41.8,-0.1,49.76,-0.12,yes
708,95.8,84.6,84,11.8,0.6,14.05,0.71,yes
709,88.7,85.1,84,4.7,1.1,5.60,1.31,yes
710,105.6,85.7,84,21.6,1.7,25.71,2.02,yes
711,117.4,85.8,84,33.4,1.8,39.76,2.14,yes
712,95.1,85.8,84,11.1,1.8,13.21,2.14,yes
713,120.6,86.5,84,36.6,2.5,43.57,2.98,yes
714,120.5,86.7,84,36.5,2.7,43.45,3.21,yes
715,105.6,86.8,84,21.6,2.8,25.71,3.33,yes
716,82.4,86.9,84,-1.6,2.9,-1.90,3.45,yes
717,88.7,87.2,84,4.7,3.2,5.60,3.81,yes
718,103.7,90.4,84,19.7,6.4,23.45,7.62,yes
719,123.7,91.1,84,39.7,7.1,47.26,8.45,yes
720,120.5,92.8,84,36.5,8.8,43.45,10.48,yes
721,138.6,92.9,84,54.6,8.9,65.00,10.60,yes
722,108,94.1,84,24,10.1,28.57,12.02,yes
723,100.5,95.2,84,16.5,11.2,19.64,13.33,yes
724,89.4,95.5,84,5.4,11.5,6.43,13.69,yes
725,144.4,98.2,84,60.4,14.2,71.90,16.90,yes
726,149.2,149.2,84,65.2,65.2,77.62,77.62,yes
727,88,79.3,83,5,-3.7,6.02,-4.46,yes
728,97.2,80.2,83,14.2,-2.8,17.11,-3.37,yes
729,101.1,80.8,83,18.1,-2.2,21.81,-2.65,yes
730,82,81.5,83,-1,-1.5,-1.20,-1.81,yes
731,92.7,81.8,83,9.7,-1.2,11.69,-1.45,yes
732,97.4,82.5,83,14.4,-0.5,17.35,-0.60,yes
733,93.8,83.2,83,10.8,0.2,13.01,0.24,yes
734,118.4,83.5,83,35.4,0.5,42.65,0.60,yes
735,95.1,84.5,83,12.1,1.5,14.58,1.81,yes
736,111.8,84.6,83,28.8,1.6,34.70,1.93,yes
737,125.8,85,83,42.8,2,51.57,2.41,yes
738,115.4,85.1,83,32.4,2.1,39.04,2.53,yes
739,115.2,87.4,83,32.2,4.4,38.80,5.30,yes
740,98.9,87.5,83,15.9,4.5,19.16,5.42,yes
741,92.7,87.8,83,9.7,4.8,11.69,5.78,yes
742,127.3,89.8,83,44.3,6.8,53.37,8.19,yes
743,121.8,90.1,83,38.8,7.1,46.75,8.55,yes
744,90.3,95.1,83,7.3,12.1,8.80,14.58,yes
745,134.7,98,83,51.7,15,62.29,18.07,yes
746,82.5,108.6,83,-0.5,25.6,-0.60,30.84,yes
747,98.3,80.9,82,16.3,-1.1,19.88,-1.34,yes
748,79.2,82.5,82,-2.8,0.5,-3.41,0.61,yes
749,112,85.3,82,30,3.3,36.59,4.02,yes
750,113.2,85.9,82,31.2,3.9,38.05,4.76,yes
751,74.7,85.9,82,-7.3,3.9,-8.90,4.76,yes
752,120.5,157.8,153,-32.5,4.8,-21.24,3.14,no
753,669.8,185.6,151,518.8,34.6,343.58,22.91,no
754,37.3,37.3,143,-105.7,-105.7,-73.92,-73.92,no
755,46.6,146.2,141,-94.4,5.2,-66.95,3.69,no
756,750,152.7,137,613,15.7,447.45,11.46,no
757,264.1,133.5,134,130.1,-0.5,97.09,-0.37,no
758,161.2,137.8,133,28.2,4.8,21.20,3.61,no
759,119.7,138.8,131,-11.3,7.8,-8.63,5.95,no
760,707,144.6,131,576,13.6,439.69,10.38,no
761,98.4,156.3,131,-32.6,25.3,-24.89,19.31,no
762,504.3,142.7,130,374.3,12.7,287.92,9.77,no
763,35.5,119.8,128,-92.5,-8.2,-72.27,-6.41,no
764,522.9,469.1,128,394.9,341.1,308.52,266.48,no
765,172.8,132.6,126,46.8,6.6,37.14,5.24,no
766,104.2,152.1,126,-21.8,26.1,-17.30,20.71,no
767,657.5,790,125,532.5,665,426.00,532.00,no
768,65.2,135.8,124,-58.8,11.8,-47.42,9.52,no
769,105.7,126.9,123,-17.3,3.9,-14.07,3.17,no
770,118.1,131.9,123,-4.9,8.9,-3.98,7.24,no
771,1042.7,133.7,123,919.7,10.7,747.72,8.70,no
772,151.7,136.6,123,28.7,13.6,23.33,11.06,no
773,63.5,108.1,122,-58.5,-13.9,-47.95,-11.39,no
774,57,110,122,-65,-12,-53.28,-9.84,no
775,124.2,120.9,122,2.2,-1.1,1.80,-0.90,no
776,502.8,126.1,122,380.8,4.1,312.13,3.36,no
777,62.7,130.1,122,-59.3,8.1,-48.61,6.64,no
778,54.4,116.3,121,-66.6,-4.7,-55.04,-3.88,no
779,27.5,125.2,121,-93.5,4.2,-77.27,3.47,no
780,100.2,126.5,121,-20.8,5.5,-17.19,4.55,no
781,694.3,129.3,121,573.3,8.3,473.80,6.86,no
782,66.7,137.1,121,-54.3,16.1,-44.88,13.31,no
783,1021.8,118.3,120,901.8,-1.7,751.50,-1.42,no
784,771.7,118.4,120,651.7,-1.6,543.08,-1.33,no
785,41.5,130.9,120,-78.5,10.9,-65.42,9.08,no
786,51.6,139.5,120,-68.4,19.5,-57.00,16.25,no
787,114.5,114.5,119,-4.5,-4.5,-3.78,-3.78,no
788,34.9,118.6,119,-84.1,-0.4,-70.67,-0.34,no
789,327.6,123.9,119,208.6,4.9,175.29,4.12,no
790,198.1,132.1,119,79.1,13.1,66.47,11.01,no
791,689.5,133.2,119,570.5,14.2,479.41,11.93,no
792,39.1,116.1,118,-78.9,-1.9,-66.86,-1.61,no
793,814.5,118.8,118,696.5,0.8,590.25,0.68,no
794,81,127.2,118,-37,9.2,-31.36,7.80,no
795,100.4,121.4,117,-16.6,4.4,-14.19,3.76,no
796,100.9,121.6,117,-16.1,4.6,-13.76,3.93,no
797,66.8,129.6,117,-50.2,12.6,-42.91,10.77,no
798,67.5,123.2,116,-48.5,7.2,-41.81,6.21,no
799,812.4,125.6,116,696.4,9.6,600.34,8.28,no
800,90,128.1,116,-26,12.1,-22.41,10.43,no
801,52,120.3,115,-63,5.3,-54.78,4.61,no
802,170.4,123.1,115,55.4,8.1,48.17,7.04,no
803,31,128.8,115,-84,13.8,-73.04,12.00,no
804,873,133,115,758,18,659.13,15.65,no
805,41.4,118.5,114,-72.6,4.5,-63.68,3.95,no
806,78.4,122.4,114,-35.6,8.4,-31.23,7.37,no
807,424.2,124.9,114,310.2,10.9,272.11,9.56,no
808,65.2,106,113,-47.8,-7,-42.30,-6.19,no
809,220.4,108.2,113,107.4,-4.8,95.04,-4.25,no
810,35.8,116.3,113,-77.2,3.3,-68.32,2.92,no
811,629,101.9,112,517,-10.1,461.61,-9.02,no
812,99.8,102.7,112,-12.2,-9.3,-10.89,-8.30,no
813,437.7,110,112,325.7,-2,290.80,-1.79,no
814,111.7,111.7,112,-0.3,-0.3,-0.27,-0.27,no
815,694.8,119,112,582.8,7,520.36,6.25,no
816,104.9,129.6,112,-7.1,17.6,-6.34,15.71,no
817,642.8,89.4,111,531.8,-21.6,479.10,-19.46,no
818,510.4,104.4,111,399.4,-6.6,359.82,-5.95,no
819,103.3,109.4,111,-7.7,-1.6,-6.94,-1.44,no
820,63.1,116.6,111,-47.9,5.6,-43.15,5.05,no
821,128.5,118.6,111,17.5,7.6,15.77,6.85,no
822,66.2,119,111,-44.8,8,-40.36,7.21,no
823,46.9,117.5,110,-63.1,7.5,-57.36,6.82,no
824,754.4,104,109,645.4,-5,592.11,-4.59,no
825,65.3,104.5,109,-43.7,-4.5,-40.09,-4.13,no
826,428.3,119.6,109,319.3,10.6,292.94,9.72,no
827,1588.5,1588.5,109,1479.5,1479.5,1357.34,1357.34,no
828,33.5,32.4,108,-74.5,-75.6,-68.98,-70.00,no
829,184.2,108.5,108,76.2,0.5,70.56,0.46,no
830,478.4,114.8,108,370.4,6.8,342.96,6.30,no
831,922,128.6,108,814,20.6,753.70,19.07,no
832,85.8,82.8,107,-21.2,-24.2,-19.81,-22.62,no
833,43.8,109,107,-63.2,2,-59.07,1.87,no
834,138.7,100.8,106,32.7,-5.2,30.85,-4.91,no
835,58.2,102.2,106,-47.8,-3.8,-45.09,-3.58,no
836,115.1,108.4,106,9.1,2.4,8.58,2.26,no
837,105.3,94.8,104,1.3,-9.2,1.25,-8.85,no
838,21.4,97.4,104,-82.6,-6.6,-79.42,-6.35,no
839,771.5,106.8,104,667.5,2.8,641.83,2.69,no
840,129.1,108.7,104,25.1,4.7,24.13,4.52,no
841,149.8,125.5,104,45.8,21.5,44.04,20.67,no
842,31,88.9,103,-72,-14.1,-69.90,-13.69,no
843,657.5,100.3,103,554.5,-2.7,538.35,-2.62,no
844,206.9,106,103,103.9,3,100.87,2.91,no
845,108.1,84.6,102,6.1,-17.4,5.98,-17.06,no
846,233.6,97.2,102,131.6,-4.8,129.02,-4.71,no
847,94.4,99.4,102,-7.6,-2.6,-7.45,-2.55,no
848,1582.2,105.1,102,1480.2,3.1,1451.18,3.04,no
849,470.5,110.5,102,368.5,8.5,361.27,8.33,no
850,365.1,112.5,102,263.1,10.5,257.94,10.29,no
851,18.7,91.6,101,-82.3,-9.4,-81.49,-9.31,no
852,130.1,112.4,101,29.1,11.4,28.81,11.29,no
853,37.9,85.9,100,-62.1,-14.1,-62.10,-14.10,no
854,445.1,105.4,100,345.1,5.4,345.10,5.40,no
855,48.8,106.6,100,-51.2,6.6,-51.20,6.60,no
856,211.6,107.6,100,111.6,7.6,111.60,7.60,no
857,75.1,118.7,100,-24.9,18.7,-24.90,18.70,no
858,1324.7,25.2,99,1225.7,-73.8,1238.08,-74.55,no
859,20.4,92,99,-78.6,-7,-79.39,-7.07,no
860,307,97.1,99,208,-1.9,210.10,-1.92,no
861,68.2,103.1,99,-30.8,4.1,-31.11,4.14,no
862,81.8,107.5,99,-17.2,8.5,-17.37,8.59,no
863,105,107.8,99,6,8.8,6.06,8.89,no
864,592.7,110.4,99,493.7,11.4,498.69,11.52,no
865,532.3,87.4,98,434.3,-10.6,443.16,-10.82,no
866,459.6,104.1,98,361.6,6.1,368.98,6.22,no
867,725.8,92.9,97,628.8,-4.1,648.25,-4.23,no
868,46.2,87.3,96,-49.8,-8.7,-51.88,-9.06,no
869,45.5,88.6,96,-50.5,-7.4,-52.60,-7.71,no
870,827.1,89.3,96,731.1,-6.7,761.56,-6.98,no
871,110.3,91.4,96,14.3,-4.6,14.90,-4.79,no
872,118.7,95.7,96,22.7,-0.3,23.65,-0.31,no
873,26.9,102.2,96,-69.1,6.2,-71.98,6.46,no
874,58.7,102.4,96,-37.3,6.4,-38.85,6.67,no
875,51.3,120.4,96,-44.7,24.4,-46.56,25.42,no
876,124.7,81.6,95,29.7,-13.4,31.26,-14.11,no
877,64.2,92.7,95,-30.8,-2.3,-32.42,-2.42,no
878,310.5,95.1,95,215.5,0.1,226.84,0.11,no
879,28.7,95.7,95,-66.3,0.7,-69.79,0.74,no
880,75.7,100.6,95,-19.3,5.6,-20.32,5.89,no
881,307.6,104.1,95,212.6,9.1,223.79,9.58,no
882,61.5,106.3,95,-33.5,11.3,-35.26,11.89,no
883,372.5,107.6,95,277.5,12.6,292.11,13.26,no
884,417.2,113.9,95,322.2,18.9,339.16,19.89,no
885,114.5,94,94,20.5,0,21.81,0.00,no
886,639.2,94.5,94,545.2,0.5,580.00,0.53,no
887,416,95.5,94,322,1.5,342.55,1.60,no
888,66.1,96.8,94,-27.9,2.8,-29.68,2.98,no
889,97.4,97.4,94,3.4,3.4,3.62,3.62,no
890,18.5,98.6,94,-75.5,4.6,-80.32,4.89,no
891,437.1,102.7,94,343.1,8.7,365.00,9.26,no
892,468.5,104.2,94,374.5,10.2,398.40,10.85,no
893,110.2,109.5,94,16.2,15.5,17.23,16.49,no
894,80.5,80.5,93,-12.5,-12.5,-13.44,-13.44,no
895,81.5,81.5,93,-11.5,-11.5,-12.37,-12.37,no
896,24.8,91.9,93,-68.2,-1.1,-73.33,-1.18,no
897,362.8,92.8,93,269.8,-0.2,290.11,-0.22,no
898,71.6,96.2,93,-21.4,3.2,-23.01,3.44,no
899,489.5,96.5,93,396.5,3.5,426.34,3.76,no
900,91.7,96.5,93,-1.3,3.5,-1.40,3.76,no
901,81.1,100.7,93,-11.9,7.7,-12.80,8.28,no
902,50.1,101.4,93,-42.9,8.4,-46.13,9.03,no
903,63.7,106.5,93,-29.3,13.5,-31.51,14.52,no
904,543,108.7,93,450,15.7,483.87,16.88,no
905,636.3,636.3,93,543.3,543.3,584.19,584.19,no
906,55.5,36.9,92,-36.5,-55.1,-39.67,-59.89,no
907,85.8,90.9,92,-6.2,-1.1,-6.74,-1.20,no
908,462.3,93.1,92,370.3,1.1,402.50,1.20,no
909,730.9,93.8,92,638.9,1.8,694.46,1.96,no
910,574.1,96.4,92,482.1,4.4,524.02,4.78,no
911,756.5,106.3,92,664.5,14.3,722.28,15.54,no
912,122.7,23,91,31.7,-68,34.84,-74.73,no
913,118.6,86.6,91,27.6,-4.4,30.33,-4.84,no
914,93.1,93.3,91,2.1,2.3,2.31,2.53,no
915,512,94.1,91,421,3.1,462.64,3.41,no
916,62.8,94.3,91,-28.2,3.3,-30.99,3.63,no
917,15.2,99,91,-75.8,8,-83.30,8.79,no
918,121.8,81.5,90,31.8,-8.5,35.33,-9.44,no
919,616.9,83.5,90,526.9,-6.5,585.44,-7.22,no
920,123.1,86.8,90,33.1,-3.2,36.78,-3.56,no
921,312.2,89.5,90,222.2,-0.5,246.89,-0.56,no
922,44,90.5,90,-46,0.5,-51.11,0.56,no
923,336.2,91.2,90,246.2,1.2,273.56,1.33,no
924,61.6,91.9,90,-28.4,1.9,-31.56,2.11,no
925,63,93.2,90,-27,3.2,-30.00,3.56,no
926,394.4,93.6,90,304.4,3.6,338.22,4.00,no
927,401,93.8,90,311,3.8,345.56,4.22,no
928,407.4,94.4,90,317.4,4.4,352.67,4.89,no
929,74.1,95.3,90,-15.9,5.3,-17.67,5.89,no
930,51,95.6,90,-39,5.6,-43.33,6.22,no
931,77.8,95.9,90,-12.2,5.9,-13.56,6.56,no
932,69,98.5,90,-21,8.5,-23.33,9.44,no
933,29.3,98.7,90,-60.7,8.7,-67.44,9.67,no
934,44.8,104.3,90,-45.2,14.3,-50.22,15.89,no
935,54.2,80.9,89,-34.8,-8.1,-39.10,-9.10,no
936,26.5,84.5,89,-62.5,-4.5,-70.22,-5.06,no
937,107.1,86.6,89,18.1,-2.4,20.34,-2.70,no
938,85.2,89.7,89,-3.8,0.7,-4.27,0.79,no
939,22.9,90.8,89,-66.1,1.8,-74.27,2.02,no
940,446.1,92.6,89,357.1,3.6,401.24,4.04,no
941,29.7,96.2,89,-59.3,7.2,-66.63,8.09,no
942,634.7,100.3,89,545.7,11.3,613.15,12.70,no
943,675,100.7,89,586,11.7,658.43,13.15,no
944,586.9,111.6,89,497.9,22.6,559.44,25.39,no
945,91.9,72.9,88,3.9,-15.1,4.43,-17.16,no
946,76.5,80.4,88,-11.5,-7.6,-13.07,-8.64,no
947,83.4,83.4,88,-4.6,-4.6,-5.23,-5.23,no
948,386,85.4,88,298,-2.6,338.64,-2.95,no
949,118.2,77.5,87,31.2,-9.5,35.86,-10.92,no
950,698.1,78.4,87,611.1,-8.6,702.41,-9.89,no
951,138.7,79.1,87,51.7,-7.9,59.43,-9.08,no
952,690.1,83.4,87,603.1,-3.6,693.22,-4.14,no
953,51.6,86.1,87,-35.4,-0.9,-40.69,-1.03,no
954,39.7,92.9,87,-47.3,5.9,-54.37,6.78,no
955,49.9,97.3,87,-37.1,10.3,-42.64,11.84,no
956,131,131,87,44,44,50.57,50.57,no
957,649.4,72.9,86,563.4,-13.1,655.12,-15.23,no
958,66.7,76.5,86,-19.3,-9.5,-22.44,-11.05,no
959,109.7,78.9,86,23.7,-7.1,27.56,-8.26,no
960,140.4,81.9,86,54.4,-4.1,63.26,-4.77,no
961,88,88,86,2,2,2.33,2.33,no
962,103.7,103.7,86,17.7,17.7,20.58,20.58,no
963,664,664,86,578,578,672.09,672.09,no
964,23.1,25.8,85,-61.9,-59.2,-72.82,-69.65,no
965,51.9,51.9,85,-33.1,-33.1,-38.94,-38.94,no
966,597.6,75.8,85,512.6,-9.2,603.06,-10.82,no
967,117.6,78.5,85,32.6,-6.5,38.35,-7.65,no
968,131.1,79.3,85,46.1,-5.7,54.24,-6.71,no
969,48,79.7,85,-37,-5.3,-43.53,-6.24,no
970,142.9,82.4,85,57.9,-2.6,68.12,-3.06,no
971,54,84.3,85,-31,-0.7,-36.47,-0.82,no
972,562.5,91.3,85,477.5,6.3,561.76,7.41,no
973,293.8,226.7,85,208.8,141.7,245.65,166.71,no
974,671.1,448.1,85,586.1,363.1,689.53,427.18,no
975,26.6,76.9,84,-57.4,-7.1,-68.33,-8.45,no
976,66.2,79.8,84,-17.8,-4.2,-21.19,-5.00,no
977,37.5,80.1,84,-46.5,-3.9,-55.36,-4.64,no
978,133,80.1,84,49,-3.9,58.33,-4.64,no
979,65.8,80.5,84,-18.2,-3.5,-21.67,-4.17,no
980,66.1,81.5,84,-17.9,-2.5,-21.31,-2.98,no
981,113.4,82,84,29.4,-2,35.00,-2.38,no
982,397.8,84.2,84,313.8,0.2,373.57,0.24,no
983,684,88.1,84,600,4.1,714.29,4.88,no
984,23.7,91.2,84,-60.3,7.2,-71.79,8.57,no
985,87.5,93.3,84,3.5,9.3,4.17,11.07,no
986,94.8,94.7,84,10.8,10.7,12.86,12.74,no
987,38.8,96.4,84,-45.2,12.4,-53.81,14.76,no
988,508.1,97.9,84,424.1,13.9,504.88,16.55,no
989,43.7,80.4,83,-39.3,-2.6,-47.35,-3.13,no
990,439.2,83,83,356.2,0,429.16,0.00,no
991,71.5,84.4,83,-11.5,1.4,-13.86,1.69,no
992,33.9,82,82,-48.1,0,-58.66,0.00,no
993,669.6,85.3,82,587.6,3.3,716.59,4.02,no
994,531,90.2,82,449,8.2,547.56,10.00,no
995,70.4,91.5,82,-11.6,9.5,-14.15,11.59,no
996,431.1,96.1,82,349.1,14.1,425.73,17.20,no
997,368.6,84.8,81,287.6,3.8,355.06,4.69,no
998,455,101.2,81,374,20.2,461.73,24.94,no