"","FishID.b","AnglerID","TagID","Date","Vessel","ImageID","Species","Algorithm_Estimate_mm","Adjusted_Estimate_mm","Scientist_Hand_Measured_TL_mm","Algorithm_Total_Error_mm","Adjusted_Total_Error_mm","Algorithm_Percent_Error","Adjusted_Percent_Error","Include","Angler_Hand_Measurement_TL_mm","SpeciesID","AnglerNumber","ModelLengths.mm","New_Algorithm_Total_Error_mm","New_Adjusted_Total_Error_mm","New_Algorithm_Percent_Error","New_Adjusted_Percent_Error"
"1",1,1,18711,"3/2/20","Outer Limits",171,"Halfbanded Rockfish",175.6,179.7,167,8.6,12.7,5.15,7.6,"yes",175,4,1,174.972981506753,0.627018493246766,4.72701849324676,0.358351608258196,2.70157052394076
"2",1,2,18711,"3/2/20","Outer Limits",435,"Halfbanded Rockfish",192.2,193.9,167,25.2,26.9,15.09,16.11,"yes",173,4,2,174.972981506753,17.2270184932468,18.9270184932468,9.84553063272907,10.8171092075243
"3",1,2,18711,"3/2/20","Outer Limits",337,"Halfbanded Rockfish",185.4,186.8,167,18.4,19.8,11.02,11.86,"yes",173,4,2,174.972981506753,10.4270184932468,11.8270184932468,5.95921633354824,6.75933986573253
"4",1,6,18711,"3/2/20","Outer Limits",416,"Halfbanded Rockfish",242.4,202.6,167,75.4,35.6,45.15,21.32,"yes",176,4,4,174.972981506753,67.4270184932468,27.6270184932468,38.5356744296229,15.7893054432409
"5",1,10,18711,"3/2/20","Outer Limits",375,"Halfbanded Rockfish",191.3,204.7,167,24.3,37.7,14.55,22.57,"yes",171,4,7,174.972981506753,16.3270184932468,29.7270184932468,9.33116550489632,16.9894907415174
"6",1,11,18711,"3/2/20","Outer Limits",398,"Halfbanded Rockfish",193.3,188.5,167,26.3,21.5,15.75,12.87,"yes",177,4,8,174.972981506753,18.3270184932468,13.5270184932468,10.4741991223025,7.73091844052774
"7",2,6,18712,"3/2/20","Outer Limits",255,"Bocaccio",348.3,348.4,292,56.3,56.4,19.28,19.32,"yes",296,1,4,305.252146213776,43.0478537862236,43.1478537862236,14.1023918488934,14.1351516513191
"8",2,12,18712,"3/2/20","Outer Limits",292,"Bocaccio",314.1,341.9,292,22.1,49.9,7.57,17.09,"yes",295,1,9,305.252146213776,8.84785378622365,36.6478537862236,2.89853941928626,12.0057644936452
"9",2,2,18712,"3/2/20","Outer Limits",290,"Bocaccio",342.8,367.5,292,50.8,75.5,17.4,25.86,"yes",302,1,2,305.252146213776,37.5478537862236,62.2478537862236,12.300602715477,20.3922739146377
"10",2,1,18712,"3/2/20","Outer Limits",281,"Bocaccio",332.2,332.2,292,40.2,40.2,13.77,13.77,"yes",319,1,1,305.252146213776,26.9478537862236,26.9478537862236,8.82806365834732,8.82806365834732
"11",2,2,18712,"3/2/20","Outer Limits",198,"Bocaccio",351.4,370.1,292,59.4,78.1,20.34,26.75,"yes",302,1,2,305.252146213776,46.1478537862236,64.8478537862237,15.1179457240917,21.2440287777072
"12",2,11,18712,"3/2/20","Outer Limits",452,"Bocaccio",345.7,343.5,292,53.7,51.5,18.39,17.64,"yes",304,1,8,305.252146213776,40.4478537862236,38.2478537862236,13.2506369858238,12.5299213324573
"13",2,5,18712,"3/2/20","Outer Limits",280,"Bocaccio",338.7,349.8,292,46.7,57.8,15.99,19.79,"yes",295,1,3,305.252146213776,33.4478537862236,44.5478537862236,10.9574508160212,14.5937888852796
"14",3,1,18713,"3/2/20","Outer Limits",3,"Vermillion Rockfish",317.1,316.8,275,42.1,41.8,15.31,15.2,"yes",285,10,1,281.691020681655,35.4089793183448,35.1089793183448,12.5701483961611,12.4636487288043
"15",3,2,18713,"3/2/20","Outer Limits",263,"Vermillion Rockfish",342.9,322.9,275,67.9,47.9,24.69,17.42,"yes",294,10,2,281.691020681655,61.2089793183448,41.2089793183448,21.7291197888478,14.6291419650596
"16",3,8,18713,"3/2/20","Outer Limits",274,"Vermillion Rockfish",261,333.7,275,-14,58.7,-5.09,21.35,"yes",285,10,6,281.691020681655,-20.6910206816552,52.0089793183448,-7.34528939956468,18.4631299899052
"17",3,11,18713,"3/2/20","Outer Limits",291,"Vermillion Rockfish",265.7,294.1,275,-9.3,19.1,-3.38,6.95,"yes",286,10,8,281.691020681655,-15.9910206816552,12.4089793183448,-5.67679461097447,4.40517389880471
"18",3,2,18713,"3/2/20","Outer Limits",457,"Vermillion Rockfish",335.1,323.3,275,60.1,48.3,21.85,17.56,"yes",294,10,2,281.691020681655,53.4089793183448,41.6089793183448,18.9601284375704,14.7711415215354
"19",3,12,18713,"3/2/20","Outer Limits",453,"Vermillion Rockfish",331.7,320.8,275,56.7,45.8,20.62,16.65,"yes",285,10,9,281.691020681655,50.0089793183448,39.1089793183448,17.7531322075264,13.8836442935619
"20",3,7,18713,"3/2/20","Outer Limits",64,"Vermillion Rockfish",146.7,279.9,275,-128.3,4.9,-46.65,1.78,"yes",279,10,5,281.691020681655,-134.991020681655,-1.7910206816552,-47.9216626625139,-0.635810356084892
"21",3,7,18713,"3/2/20","Outer Limits",193,"Vermillion Rockfish",286.7,286.7,275,11.7,11.7,4.25,4.25,"yes",279,10,5,281.691020681655,5.00897931834481,5.00897931834481,1.77818210400308,1.77818210400308
"22",3,10,18713,"3/2/20","Outer Limits",282,"Vermillion Rockfish",339.8,344.1,275,64.8,69.1,23.56,25.13,"yes",265,10,7,281.691020681655,58.1089793183448,62.4089793183448,20.6286232261606,22.1551184582751
"23",4,1,18714,"3/2/20","Outer Limits",135,"Bocaccio",362,362.8,315,47,47.8,14.92,15.17,"yes",331,1,1,324.655426063759,37.3445739362414,38.1445739362414,11.5028337548584,11.7492488570791
"24",4,8,18714,"3/2/20","Outer Limits",185,"Bocaccio",377.5,359.8,315,62.5,44.8,19.84,14.22,"yes",318,1,6,324.655426063759,52.8445739362414,35.1445739362414,16.2771263603841,10.8251922237515
"25",4,7,18714,"3/2/20","Outer Limits",313,"Bocaccio",400.4,357.3,315,85.4,42.3,27.11,13.43,"yes",315,1,5,324.655426063759,75.7445739362414,32.6445739362414,23.3307586614511,10.0551450293119
"26",4,2,18714,"3/2/20","Outer Limits",477,"Bocaccio",363.8,372.6,315,48.8,57.6,15.49,18.29,"yes",340,1,2,324.655426063759,39.1445739362414,47.9445739362415,12.057267734855,14.7678338592825
"27",4,6,18714,"3/2/20","Outer Limits",243,"Bocaccio",394.9,352.6,315,79.9,37.6,25.37,11.94,"yes",315,1,4,324.655426063759,70.2445739362414,27.9445739362415,21.6366548336839,8.60745630376542
"28",4,2,18714,"3/2/20","Outer Limits",273,"Bocaccio",354.9,335.1,315,39.9,20.1,12.67,6.38,"yes",340,1,2,324.655426063759,30.2445739362414,10.4445739362415,9.31589972264986,3.21712594268801
"29",4,8,18714,"3/2/20","Outer Limits",34,"Bocaccio",380.8,380.2,315,65.8,65.2,20.89,20.7,"yes",318,1,6,324.655426063759,56.1445739362414,55.5445739362414,17.2935886570444,17.1087773303789
"30",4,5,18714,"3/2/20","Outer Limits",430,"Bocaccio",349.9,368.3,315,34.9,53.3,11.08,16.92,"yes",322,1,3,324.655426063759,25.2445739362414,43.6445739362414,7.7758053337706,13.4433526848463
"31",4,10,18714,"3/2/20","Outer Limits",480,"Bocaccio",356.9,359.9,315,41.9,44.9,13.3,14.25,"yes",312,1,7,324.655426063759,32.2445739362414,35.2445739362414,9.93193747820157,10.8559941115291
"32",4,11,18714,"3/2/20","Outer Limits",351,"Bocaccio",372.1,362.7,315,57.1,47.7,18.13,15.14,"yes",328,1,8,324.655426063759,47.4445739362415,38.0445739362414,14.6138244203945,11.7184469693015
"33",5,1,18715,"3/2/20","Outer Limits",77,"Starry Rockfish",225.4,232.4,211,14.4,21.4,6.82,10.14,"yes",216,9,1,212.393592646005,13.0064073539955,20.0064073539955,6.12372868313084,9.41949665465664
"34",5,7,18715,"3/2/20","Outer Limits",399,"Starry Rockfish",146.1,224.6,211,-64.9,13.6,-30.76,6.45,"yes",208,9,5,212.393592646005,-66.2935926460046,12.2064073539954,-31.2126141942972,5.74706948638503
"35",5,12,18715,"3/2/20","Outer Limits",310,"Starry Rockfish",236,239.2,211,25,28.2,11.85,13.36,"yes",212,9,9,212.393592646005,23.6064073539955,26.8064073539954,11.1144630400128,12.621099826996
"36",5,8,18715,"3/2/20","Outer Limits",226,"Starry Rockfish",240.8,242.1,211,29.8,31.1,14.12,14.74,"yes",210,9,6,212.393592646005,28.4064073539955,29.7064073539954,13.3744182204876,13.9864894151995
"37",5,6,18715,"3/2/20","Outer Limits",386,"Starry Rockfish",287.9,238,211,76.9,27,36.45,12.8,"yes",211,9,4,212.393592646005,75.5064073539954,25.6064073539955,35.5502284288969,12.0561110318773
"38",5,5,18715,"3/2/20","Outer Limits",446,"Starry Rockfish",229.5,241.5,211,18.5,30.5,8.77,14.45,"yes",212,9,3,212.393592646005,17.1064073539955,29.1064073539955,8.05410706645309,13.7039950176402
"39",5,10,18715,"3/2/20","Outer Limits",172,"Starry Rockfish",244.5,249.7,211,33.5,38.7,15.88,18.34,"yes",209,9,7,212.393592646005,32.1064073539955,37.3064073539954,15.116467005437,17.5647517842847
"40",5,11,18715,"3/2/20","Outer Limits",466,"Starry Rockfish",220.2,219.8,211,9.2,8.8,4.36,4.17,"yes",216,9,8,212.393592646005,7.80640735399544,7.40640735399546,3.67544390428309,3.4871143059102
"41",6,6,18716,"3/2/20","Outer Limits",60,"Ocean Whitefish",353.8,358.2,305,48.8,53.2,16,17.44,"yes",305,5,4,308.717017615559,45.0829823844411,49.4829823844411,14.603335680245,16.0285891482865
"42",6,1,18716,"3/2/20","Outer Limits",174,"Ocean Whitefish",337.7,341.1,305,32.7,36.1,10.72,11.84,"yes",311,5,1,308.717017615559,28.9829823844411,32.3829823844411,9.38820367218408,10.4895358974889
"43",6,5,18716,"3/2/20","Outer Limits",258,"Ocean Whitefish",357.5,341.7,305,52.5,36.7,17.21,12.03,"yes",303,5,3,308.717017615559,48.7829823844411,32.9829823844411,15.8018442783708,10.6838886431309
"44",6,8,18716,"3/2/20","Outer Limits",447,"Ocean Whitefish",373,375.9,305,68,70.9,22.3,23.25,"yes",318,5,6,308.717017615559,64.2829823844411,67.1829823844411,20.8226235407896,21.7619951447261
"45",6,10,18716,"3/2/20","Outer Limits",323,"Ocean Whitefish",328.2,337.8,305,23.2,32.8,7.61,10.75,"yes",295,5,7,308.717017615559,19.4829823844411,29.0829823844411,6.31095186618542,9.42059579645776
"46",6,2,18716,"3/2/20","Outer Limits",37,"Ocean Whitefish",346.3,348.4,305,41.3,43.4,13.54,14.23,"yes",312,5,2,308.717017615559,37.5829823844411,39.6829823844411,12.1739263597197,12.8541609694668
"47",6,12,18716,"3/2/20","Outer Limits",100,"Ocean Whitefish",339.4,339.4,305,34.4,34.4,11.28,11.28,"yes",313,5,9,308.717017615559,30.6829823844411,30.6829823844411,9.93886978483647,9.93886978483647
"48",7,2,18717,"3/2/20","Outer Limits",109,"Bocaccio",390.3,394.7,340,50.3,54.7,14.79,16.09,"yes",342,1,2,341.979783072671,48.3202169273288,52.7202169273287,14.1295536517317,15.4161794167013
"49",7,7,18717,"3/2/20","Outer Limits",182,"Bocaccio",365.1,365.1,340,25.1,25.1,7.38,7.38,"yes",335,1,5,341.979783072671,23.1202169273288,23.1202169273288,6.76069699781513,6.76069699781513
"50",7,5,18717,"3/2/20","Outer Limits",142,"Bocaccio",394.1,391.4,340,54.1,51.4,15.91,15.12,"yes",337,1,3,341.979783072671,52.1202169273288,49.4202169273287,15.2407304487509,14.4512100929741
"51",7,6,18717,"3/2/20","Outer Limits",181,"Bocaccio",404.1,375.6,340,64.1,35.6,18.85,10.47,"yes",335,1,4,341.979783072671,62.1202169273288,33.6202169273288,18.1648799145908,9.83105393694704
"52",7,2,18717,"3/2/20","Outer Limits",410,"Bocaccio",375,379.1,340,35,39.1,10.29,11.5,"yes",342,1,2,341.979783072671,33.0202169273288,37.1202169273288,9.65560496899664,10.854506249991
"53",7,1,18717,"3/2/20","Outer Limits",355,"Bocaccio",390,411.6,340,50,71.6,14.71,21.06,"yes",354,1,1,341.979783072671,48.0202169273288,69.6202169273288,14.0418291677565,20.3579920139707
"54",7,10,18717,"3/2/20","Outer Limits",16,"Bocaccio",383.1,396.6,340,43.1,56.6,12.68,16.65,"yes",305,1,7,341.979783072671,41.1202169273288,54.6202169273288,12.024166036327,15.9717678152108
"55",7,12,18717,"3/2/20","Outer Limits",307,"Bocaccio",461.2,422.1,340,121.2,82.1,35.65,24.15,"yes",356,1,9,341.979783072671,119.220216927329,80.1202169273288,34.8617733645367,23.4283489531026
"56",8,6,18718,"3/2/20","Outer Limits",11,"Bocaccio",445.6,446.1,373,72.6,73.1,19.46,19.6,"yes",373,1,4,383.558239894062,62.0417601059384,62.5417601059384,16.1753167193265,16.3056750190564
"57",8,2,18718,"3/2/20","Outer Limits",451,"Bocaccio",413.4,421.9,373,40.4,48.9,10.83,13.11,"yes",393,1,2,383.558239894062,29.8417601059384,38.3417601059384,7.78024221671802,9.99633331212708
"58",8,1,18718,"3/2/20","Outer Limits",385,"Bocaccio",426.5,423,373,53.5,50,14.34,13.4,"yes",385,1,1,383.558239894062,42.9417601059384,39.4417601059384,11.1956296696426,10.283121571533
"59",8,11,18718,"3/2/20","Outer Limits",216,"Bocaccio",427.2,402.4,373,54.2,29.4,14.53,7.88,"yes",395,1,8,383.558239894062,43.6417601059384,18.8417601059384,11.3781312892645,4.91235962265924
"60",8,10,18718,"3/2/20","Outer Limits",191,"Bocaccio",450,444.1,373,77,71.1,20.64,19.06,"yes",373,1,7,383.558239894062,66.4417601059384,60.5417601059384,17.32246975695,15.7842418201366
"61",8,5,18718,"3/2/20","Outer Limits",417,"Bocaccio",419.4,419.4,373,46.4,46.4,12.44,12.44,"yes",393,1,3,383.558239894062,35.8417601059384,35.8417601059384,9.34454181347735,9.34454181347735
"62",9,7,18719,"3/2/20","Outer Limits",46,"Bocaccio",448.4,405.5,358,90.4,47.5,25.25,13.27,"yes",375,1,5,366.926857165505,81.4731428344945,38.5731428344945,22.2041917192628,10.5124882742219
"63",9,1,18719,"3/2/20","Outer Limits",88,"Bocaccio",388.1,388.1,358,30.1,30.1,8.41,8.41,"yes",375,1,1,366.926857165505,21.1731428344946,21.1731428344946,5.7703987650444,5.7703987650444
"64",9,5,18719,"3/2/20","Outer Limits",260,"Bocaccio",422.2,395.7,358,64.2,37.7,17.93,10.53,"yes",361,1,3,366.926857165505,55.2731428344945,28.7731428344945,15.0638040675129,7.84165625181156
"65",9,10,18719,"3/2/20","Outer Limits",450,"Bocaccio",457.2,455,358,99.2,97,27.71,27.09,"yes",354,1,7,366.926857165505,90.2731428344945,88.0731428344945,24.6024898618353,24.0029153261922
"66",9,7,18719,"3/2/20","Outer Limits",289,"Bocaccio",186.5,421.7,358,-171.5,63.7,-47.91,17.79,"yes",375,1,5,366.926857165505,-180.426857165505,54.7731428344945,-49.1724314102531,14.927537127594
"67",9,2,18719,"3/2/20","Outer Limits",262,"Bocaccio",429,429,358,71,71,19.83,19.83,"yes",362,1,2,366.926857165505,62.0731428344945,62.0731428344945,16.9170344504098,16.9170344504098
"68",9,2,18719,"3/2/20","Outer Limits",125,"Bocaccio",434.5,434.5,358,76.5,76.5,21.37,21.37,"yes",362,1,2,366.926857165505,67.5731428344945,67.5731428344945,18.4159707895176,18.4159707895176
"69",10,1,18720,"3/2/20","Outer Limits",154,"Bocaccio",403.6,493.5,410,-6.4,83.5,-1.56,20.37,"yes",422,1,1,416.128031070817,-12.5280310708173,77.3719689291826,-3.01061936120456,18.5933085858413
"70",10,10,18720,"3/2/20","Outer Limits",405,"Bocaccio",496.4,476.7,410,86.4,66.7,21.07,16.27,"yes",401,1,7,416.128031070817,80.2719689291826,60.5719689291826,19.2902094873589,14.5560895701531
"71",10,6,18720,"3/2/20","Outer Limits",221,"Bocaccio",456.6,456.6,410,46.6,46.6,11.37,11.37,"yes",412,1,4,416.128031070817,40.4719689291827,40.4719689291827,9.72584539066897,9.72584539066897
"72",10,2,18720,"3/2/20","Outer Limits",328,"Bocaccio",302.8,452.3,410,-107.2,42.3,-26.15,10.32,"yes",443,1,2,416.128031070817,-113.328031070817,36.1719689291826,-27.2339334553338,8.69250957117734
"73",11,1,18721,"3/2/20","Outer Limits",322,"Squarespot Rockfish",246.7,256.7,238,8.7,18.7,3.66,7.86,"yes",246,8,1,244.96338382276,1.73661617723963,11.7366161772396,0.708928881589964,4.79117164128149
"74",11,10,18721,"3/2/20","Outer Limits",6,"Squarespot Rockfish",322.2,299,238,84.2,61,35.38,25.63,"yes",240,8,7,244.96338382276,77.2366161772396,54.0366161772396,31.529861717261,22.0590585147767
"75",11,2,18721,"3/2/20","Outer Limits",220,"Squarespot Rockfish",265.4,263.8,238,27.4,25.8,11.51,10.84,"yes",243,8,2,244.96338382276,20.4366161772396,18.8366161772396,8.34272284221311,7.68956400066248
"76",11,2,18721,"3/2/20","Outer Limits",276,"Squarespot Rockfish",288.2,275.2,238,50.2,37.2,21.09,15.63,"yes",243,8,2,244.96338382276,43.2366161772396,30.2366161772396,17.6502363343098,12.3433207467108
"77",11,5,18721,"3/2/20","Outer Limits",373,"Squarespot Rockfish",283.6,285.6,238,45.6,47.6,19.16,20,"yes",247,8,3,244.96338382276,38.6366161772397,40.6366161772397,15.7724046648517,16.58885321679
"78",11,11,18721,"3/2/20","Outer Limits",144,"Squarespot Rockfish",345.3,252.5,238,107.3,14.5,45.08,6.09,"yes",244,8,8,244.96338382276,100.33661617724,7.53661617723964,40.9598424921484,3.07662968221105
"79",12,7,18722,"3/2/20","Outer Limits",315,"Bocaccio",416.3,416.3,375,41.3,41.3,11.01,11.01,"yes",375,1,5,388.409059856557,27.8909401434428,27.8909401434428,7.18081605865301,7.18081605865301
"80",12,2,18722,"3/2/20","Outer Limits",169,"Bocaccio",447.3,447.3,375,72.3,72.3,19.28,19.28,"yes",407,1,2,388.409059856557,58.8909401434428,58.8909401434428,15.1620922965061,15.1620922965061
"81",12,1,18722,"3/2/20","Outer Limits",232,"Bocaccio",403.3,420.8,375,28.3,45.8,7.55,12.21,"yes",387,1,1,388.409059856557,14.8909401434428,32.3909401434428,3.83382924923074,8.33938841576071
"82",12,2,18722,"3/2/20","Outer Limits",233,"Bocaccio",433.5,440.9,375,58.5,65.9,15.6,17.57,"yes",407,1,2,388.409059856557,45.0909401434428,52.4909401434428,11.6091370680425,13.5143449441751
"83",12,5,18722,"3/2/20","Outer Limits",28,"Bocaccio",444.9,414.4,375,69.9,39.4,18.64,10.51,"yes",381,1,3,388.409059856557,56.4909401434428,25.9909401434428,14.544187039382,6.69164106342975
"84",12,2,18722,"3/2/20","Outer Limits",248,"Bocaccio",430.7,430.7,375,55.7,55.7,14.85,14.85,"yes",407,1,2,388.409059856557,42.2909401434428,42.2909401434428,10.8882476013977,10.8882476013977
"85",12,10,18722,"3/2/20","Outer Limits",400,"Bocaccio",450.4,450.4,375,75.4,75.4,20.11,20.11,"yes",371,1,7,388.409059856557,61.9909401434428,61.9909401434428,15.9602199202914,15.9602199202914
"86",13,1,18723,"3/2/20","Outer Limits",25,"Squarespot Rockfish",226.7,226.7,210,16.7,16.7,7.95,7.95,"yes",223,8,1,221.402258290639,5.29774170936088,5.29774170936088,2.39281286029451,2.39281286029451
"87",13,7,18723,"3/2/20","Outer Limits",241,"Squarespot Rockfish",273.2,250.1,210,63.2,40.1,30.1,19.1,"yes",218,8,5,221.402258290639,51.7977417093609,28.6977417093609,23.3953086609284,12.9618107470651
"88",13,5,18723,"3/2/20","Outer Limits",419,"Squarespot Rockfish",232.8,238.4,210,22.8,28.4,10.86,13.52,"yes",219,8,3,221.402258290639,11.3977417093609,16.9977417093609,5.1479789760766,7.67731180367981
"89",13,8,18723,"3/2/20","Outer Limits",245,"Squarespot Rockfish",251.6,257.3,210,41.6,47.3,19.81,22.52,"yes",216,8,6,221.402258290639,30.1977417093609,35.8977417093609,13.6393106116017,16.2138100968407
"90",13,2,18723,"3/2/20","Outer Limits",104,"Squarespot Rockfish",239.8,245.5,210,29.8,35.5,14.19,16.9,"yes",260,8,2,221.402258290639,18.3977417093609,24.0977417093609,8.30964501058062,10.8841444958196
"91",13,6,18723,"3/2/20","Outer Limits",433,"Squarespot Rockfish",259.5,230.6,210,49.5,20.6,23.57,9.81,"yes",215,8,4,221.402258290639,38.0977417093609,9.19774170936088,17.2074765648276,4.15431250808961
"92",13,11,18723,"3/2/20","Outer Limits",166,"Squarespot Rockfish",231.8,231.8,210,21.8,21.8,10.38,10.38,"yes",221,8,8,221.402258290639,10.3977417093609,10.3977417093609,4.69631239971888,4.69631239971888
"93",14,10,18724,"3/2/20","Outer Limits",51,"Bocaccio",381.4,378.5,318,63.4,60.5,19.94,19.03,"yes",318,1,7,321.190554661976,60.209445338024,57.309445338024,18.7457085720933,17.8428177622897
"94",14,2,18724,"3/2/20","Outer Limits",347,"Bocaccio",361,375.4,318,43,57.4,13.52,18.05,"yes",324,1,2,321.190554661976,39.809445338024,54.209445338024,12.3943387376132,16.8776586207756
"95",14,11,18724,"3/2/20","Outer Limits",312,"Bocaccio",359.7,350.1,318,41.7,32.1,13.11,10.09,"yes",335,1,8,321.190554661976,38.509445338024,28.909445338024,11.9895945814944,9.0007146593861
"96",14,10,18724,"3/2/20","Outer Limits",228,"Bocaccio",388.1,388.1,318,70.1,70.1,22.04,22.04,"yes",318,1,7,321.190554661976,66.909445338024,66.909445338024,20.831697684398,20.831697684398
"97",14,5,18724,"3/2/20","Outer Limits",418,"Bocaccio",354.8,373,318,36.8,55,11.57,17.3,"yes",329,1,3,321.190554661976,33.609445338024,51.809445338024,10.4640204545849,16.1304386402485
"98",14,6,18724,"3/2/20","Outer Limits",31,"Bocaccio",392.2,412.7,318,74.2,94.7,23.33,29.78,"yes",315,1,4,321.190554661976,71.009445338024,91.509445338024,22.1081984844651,28.4907024848005
"99",14,2,18724,"3/2/20","Outer Limits",139,"Bocaccio",364.8,369.9,318,46.8,51.9,14.72,16.32,"yes",324,1,2,321.190554661976,43.609445338024,48.709445338024,13.5774370401144,15.1652794987344
"100",14,1,18724,"3/2/20","Outer Limits",381,"Bocaccio",372.4,377.8,318,54.4,59.8,17.11,18.81,"yes",234,1,1,321.190554661976,51.209445338024,56.609445338024,15.9436336451168,17.6248786013027
"101",14,10,18724,"3/2/20","Outer Limits",131,"Bocaccio",380.6,382.1,318,62.6,64.1,19.69,20.16,"yes",318,1,7,321.190554661976,59.409445338024,60.909445338024,18.4966352452509,18.9636477330803
"102",14,10,18724,"3/2/20","Outer Limits",287,"Bocaccio",379.6,382.4,318,61.6,64.4,19.37,20.25,"yes",318,1,7,321.190554661976,58.409445338024,61.209445338024,18.185293586698,19.0570502306462
"103",15,2,18725,"3/2/20","Outer Limits",116,"Starry Rockfish",263.9,267.4,238,25.9,29.4,10.88,12.35,"yes",245,9,2,244.96338382276,18.9366161772396,22.4366161772396,7.73038642825939,9.15917139415142
"104",15,7,18725,"3/2/20","Outer Limits",429,"Starry Rockfish",278.3,279.1,238,40.3,41.1,16.93,17.27,"yes",243,9,5,244.96338382276,33.3366161772396,34.1366161772397,13.6088160022152,13.9353954229905
"105",15,6,18725,"3/2/20","Outer Limits",47,"Starry Rockfish",260.7,277.8,238,22.7,39.8,9.54,16.72,"yes",247,9,4,244.96338382276,15.7366161772396,32.8366161772396,6.4240687451581,13.4047038642306
"106",15,5,18725,"3/2/20","Outer Limits",266,"Starry Rockfish",264.4,265.3,238,26.4,27.3,11.09,11.47,"yes",243,9,3,244.96338382276,19.4366161772396,20.3366161772396,7.93449856624396,8.30190041461621
"107",15,2,18725,"3/2/20","Outer Limits",333,"Starry Rockfish",267,271,238,29,33,12.18,13.87,"yes",245,9,2,244.96338382276,22.0366161772396,26.0366161772396,8.99588168376377,10.6287787876404
"108",15,1,18725,"3/2/20","Outer Limits",180,"Starry Rockfish",255.1,257,238,17.1,19,7.18,7.98,"yes",243,9,1,244.96338382276,10.1366161772396,12.0366161772396,4.13801279973085,4.91363892407224
"109",15,2,18725,"3/2/20","Outer Limits",132,"Starry Rockfish",263.8,274.5,238,25.8,36.5,10.84,15.34,"yes",245,9,2,244.96338382276,18.8366161772396,29.5366161772396,7.68956400066248,12.0575637535324
"110",15,8,18725,"3/2/20","Outer Limits",96,"Starry Rockfish",268.2,270.5,238,30.2,32.5,12.69,13.66,"yes",243,9,6,244.96338382276,23.2366161772396,25.5366161772396,9.48575081492675,10.4246666496558
"111",16,7,20792,"3/2/20","Outer Limits",111,"Greenblotched Rockfish",352.9,362,338,14.9,24,4.41,7.1,"yes",344,2,5,351.681422997662,1.21857700233767,10.3185770023377,0.346500247852377,2.93406939564342
"112",16,5,20792,"3/2/20","Outer Limits",301,"Greenblotched Rockfish",363.1,389.7,338,25.1,51.7,7.43,15.3,"yes",346,2,3,351.681422997662,11.4185770023377,38.0185770023377,3.24685247944234,10.8105161422161
"113",16,2,20792,"3/2/20","Outer Limits",5,"Greenblotched Rockfish",388.7,404.2,338,50.7,66.2,15,19.59,"yes",357,2,2,351.681422997662,37.0185770023377,52.5185770023377,10.5261678842171,14.9335658832018
"114",16,7,20792,"3/2/20","Outer Limits",309,"Greenblotched Rockfish",359,361.5,338,21,23.5,6.21,6.95,"yes",344,2,5,351.681422997662,7.31857700233769,9.81857700233769,2.08102462164638,2.79189526664391
"115",16,11,20792,"3/2/20","Outer Limits",366,"Greenblotched Rockfish",391.9,387.5,338,53.9,49.5,15.95,14.64,"yes",338,2,8,351.681422997662,40.2185770023377,35.8185770023377,11.436082309814,10.1849499746183
"116",16,2,20792,"3/2/20","Outer Limits",456,"Greenblotched Rockfish",329.6,424.6,338,-8.4,86.6,-2.49,25.62,"yes",357,2,2,351.681422997662,-22.0814229976623,72.9185770023377,-6.27881416352466,20.7342703463818
"117",16,1,20792,"3/2/20","Outer Limits",235,"Greenblotched Rockfish",409.9,414.4,338,71.9,76.4,21.27,22.6,"yes",357,2,1,351.681422997662,58.2185770023377,62.7185770023377,16.5543509537962,17.8339181147918
"118",16,6,20792,"3/2/20","Outer Limits",285,"Greenblotched Rockfish",446.8,440.8,338,108.8,102.8,32.19,30.41,"yes",336,2,4,351.681422997662,95.1185770023377,89.1185770023377,27.0468016739599,25.3407121259658
"119",16,12,20792,"3/2/20","Outer Limits",362,"Greenblotched Rockfish",464.3,407.3,338,126.3,69.3,37.37,20.5,"yes",355,2,9,351.681422997662,112.618577002338,55.6185770023377,32.0228961889427,15.8150454829988
"120",16,2,20792,"3/2/20","Outer Limits",113,"Greenblotched Rockfish",442.6,442.6,338,104.6,104.6,30.95,30.95,"yes",357,2,2,351.681422997662,90.9185770023377,90.9185770023377,25.852538990364,25.852538990364
"121",16,7,20792,"3/2/20","Outer Limits",79,"Greenblotched Rockfish",354.1,398.2,338,16.1,60.2,4.76,17.81,"yes",344,2,5,351.681422997662,2.41857700233771,46.5185770023377,0.687718157451208,13.2274763352078
"122",17,2,20793,"3/2/20","Outer Limits",44,"Greenblotched Rockfish",412,420.2,380,32,40.2,8.42,10.58,"yes",384,2,2,377.321471370853,34.678528629147,42.878528629147,9.19071170351261,11.3639248976116
"123",17,1,20793,"3/2/20","Outer Limits",176,"Greenblotched Rockfish",379.3,391.4,380,-0.7,11.4,-0.18,3,"yes",388,2,1,377.321471370853,1.97852862914698,14.0785286291469,0.524361527044499,3.73117611833697
"124",17,7,20793,"3/2/20","Outer Limits",87,"Greenblotched Rockfish",222.6,425.8,380,-157.4,45.8,-41.42,12.05,"yes",378,2,5,377.321471370853,-154.721471370853,48.478528629147,-41.0052125601895,12.8480704935817
"125",17,8,20793,"3/2/20","Outer Limits",99,"Greenblotched Rockfish",289.1,439.8,380,-90.9,59.8,-23.92,15.74,"yes",381,2,6,377.321471370853,-88.221471370853,62.478528629147,-23.3809836080449,16.5584344835069
"126",17,12,20793,"3/2/20","Outer Limits",423,"Greenblotched Rockfish",291.2,430.2,380,-88.8,50.2,-23.37,13.21,"yes",388,2,9,377.321471370853,-86.121471370853,52.878528629147,-22.8244290095561,14.0141848904153
"127",17,6,20793,"3/2/20","Outer Limits",345,"Greenblotched Rockfish",332.7,415.7,380,-47.3,35.7,-12.45,9.39,"yes",382,2,4,377.321471370853,-44.621471370853,38.378528629147,-11.8258500394208,10.17130790085
"128",17,2,20793,"3/2/20","Outer Limits",331,"Greenblotched Rockfish",413.9,420,380,33.9,40,8.92,10.53,"yes",384,2,2,377.321471370853,36.5785286291469,42.678528629147,9.69426110214531,11.3109196977556
"129",17,6,20793,"3/2/20","Outer Limits",246,"Greenblotched Rockfish",320.1,414.2,380,-59.9,34.2,-15.76,9,"yes",382,2,4,377.321471370853,-57.221471370853,36.878528629147,-15.1651776303534,9.77376890192942
"130",18,11,20794,"3/2/20","Outer Limits",300,"Bocaccio",403.8,387.6,365,38.8,22.6,10.63,6.19,"yes",375,1,8,373.856599969071,29.9434000309295,13.7434000309295,8.00932764953373,3.6761153961349
"131",18,5,20794,"3/2/20","Outer Limits",146,"Bocaccio",360.7,396.3,365,-4.3,31.3,-1.18,8.58,"yes",371,1,3,373.856599969071,-13.1565999690706,22.4434000309295,-3.51915680241007,6.00321086555279
"132",18,2,20794,"3/2/20","Outer Limits",448,"Bocaccio",422.7,429.3,365,57.7,64.3,15.81,17.62,"yes",377,1,2,373.856599969071,48.8434000309294,55.4434000309295,13.0647419451657,14.8301247150689
"133",18,2,20794,"3/2/20","Outer Limits",389,"Bocaccio",423.5,431,365,58.5,66,16.03,18.08,"yes",377,1,2,373.856599969071,49.6434000309295,57.1434000309295,13.278727735457,15.2848445194379
"134",18,5,20794,"3/2/20","Outer Limits",20,"Bocaccio",427.2,398,365,62.2,33,17.04,9.04,"yes",371,1,3,373.856599969071,53.3434000309294,24.1434000309295,14.2684120155542,6.4579306699218
"135",18,7,20794,"3/2/20","Outer Limits",105,"Bocaccio",395.5,406.7,365,30.5,41.7,8.36,11.42,"yes",380,1,5,373.856599969071,21.6434000309295,32.8434000309294,5.78922507526149,8.78502613933968
"136",18,1,20794,"3/2/20","Outer Limits",299,"Bocaccio",407.5,420,365,42.5,55,11.64,15.07,"yes",385,1,1,373.856599969071,33.6434000309295,46.1434000309295,8.99901192963099,12.3425399029326
"137",18,10,20794,"3/2/20","Outer Limits",376,"Bocaccio",446.7,427.8,365,81.7,62.8,22.38,17.21,"yes",363,1,7,373.856599969071,72.8434000309294,53.9434000309295,19.4843156539047,14.4289013582727
"138",18,6,20794,"3/2/20","Outer Limits",74,"Bocaccio",464.6,456.9,365,99.6,91.9,27.29,25.18,"yes",370,1,4,373.856599969071,90.7434000309295,83.0434000309294,24.2722477116725,22.2126344801188
"139",19,6,20795,"3/2/20","Outer Limits",114,"Vermillion Rockfish",144.6,307.9,265,-120.4,42.9,-45.43,16.19,"yes",285,10,4,282.383994962012,-137.783994962012,25.5160050379883,-48.7931318418196,9.03592466046841
"140",19,5,20795,"3/2/20","Outer Limits",425,"Vermillion Rockfish",183.1,326.3,265,-81.9,61.3,-30.91,23.13,"yes",286,10,3,282.383994962012,-99.2839949620117,43.9160050379883,-35.1592146627744,15.5518746888952
"141",19,11,20795,"3/2/20","Outer Limits",442,"Vermillion Rockfish",331.5,328.8,265,66.5,63.8,25.09,24.08,"yes",287,10,8,282.383994962012,49.1160050379883,46.4160050379883,17.3933388273637,16.4371939862358
"142",19,10,20795,"3/2/20","Outer Limits",65,"Vermillion Rockfish",324.9,324.9,265,59.9,59.9,22.6,22.6,"yes",261,10,7,282.383994962012,42.5160050379883,42.5160050379883,15.0560958823845,15.0560958823845
"143",19,2,20795,"3/2/20","Outer Limits",160,"Vermillion Rockfish",295.6,316,265,30.6,51,11.55,19.25,"yes",292,10,2,282.383994962012,13.2160050379883,33.6160050379883,4.68015371755267,11.904359183852
"144",19,2,20795,"3/2/20","Outer Limits",321,"Vermillion Rockfish",320.7,317.8,265,55.7,52.8,21.02,19.92,"yes",292,10,2,282.383994962012,38.3160050379883,35.4160050379883,13.5687594628523,12.5417890779372
"145",19,7,20795,"3/2/20","Outer Limits",444,"Vermillion Rockfish",293.3,292.4,265,28.3,27.4,10.68,10.34,"yes",275,10,5,282.383994962012,10.9160050379883,10.0160050379883,3.86565996399931,3.54694501695669
"146",19,5,20795,"3/2/20","Outer Limits",8,"Vermillion Rockfish",239.8,321,265,-25.2,56,-9.51,21.13,"yes",286,10,3,282.383994962012,-42.5839949620117,38.6160050379883,-15.0801729990895,13.6749977785332
"147",20,10,20796,"3/2/20","Outer Limits",145,"Speckled Rockfish",295.1,291.9,229,66.1,62.9,28.86,27.47,"yes",239,7,7,243.577435262047,51.5225647379527,48.3225647379526,21.1524374918076,19.8386868988771
"148",20,5,20796,"3/2/20","Outer Limits",136,"Speckled Rockfish",281.4,281.4,229,52.4,52.4,22.88,22.88,"yes",245,7,3,243.577435262047,37.8225647379526,37.8225647379526,15.527942765824,15.527942765824
"149",20,2,20796,"3/2/20","Outer Limits",403,"Speckled Rockfish",290.1,278.2,229,61.1,49.2,26.68,21.48,"yes",241,7,2,243.577435262047,46.5225647379527,34.6225647379526,19.0997021903537,14.2141921728935
"150",20,6,20796,"3/2/20","Outer Limits",408,"Speckled Rockfish",267.3,267.3,229,38.3,38.3,16.72,16.72,"yes",241,7,4,243.577435262047,23.7225647379527,23.7225647379527,9.73922921572406,9.73922921572406
"151",20,2,20796,"3/2/20","Outer Limits",306,"Speckled Rockfish",273.6,268.5,229,44.6,39.5,19.48,17.25,"yes",241,7,2,243.577435262047,30.0225647379527,24.9225647379527,12.3256756955559,10.231885688073
"152",20,1,20796,"3/2/20","Outer Limits",197,"Speckled Rockfish",252.6,252.6,229,23.6,23.6,10.31,10.31,"yes",244,7,1,243.577435262047,9.02256473795265,9.02256473795265,3.70418742944966,3.70418742944966
"153",21,12,20798,"3/2/20","Outer Limits",173,"Rosy Rockfish",329.6,328.2,171,158.6,157.2,92.75,91.93,"yes",175,6,9,179.130827188892,150.469172811108,149.069172811108,83.9995969272441,83.2180452412668
"154",21,8,20798,"3/2/20","Outer Limits",298,"Rosy Rockfish",188.9,193.9,171,17.9,22.9,10.47,13.39,"yes",175,6,6,179.130827188892,9.76917281110775,14.7691728111078,5.45365248651826,8.24490850786602
"155",21,11,20798,"3/2/20","Outer Limits",207,"Rosy Rockfish",222.4,205.6,171,51.4,34.6,30.06,20.23,"yes",178,6,8,179.130827188892,43.2691728111078,26.4691728111077,24.1550678295482,14.7764475978198
"156",21,12,20798,"3/2/20","Outer Limits",342,"Rosy Rockfish",211.1,211.1,171,40.1,40.1,23.45,23.45,"yes",175,6,9,179.130827188892,31.9691728111077,31.9691728111077,17.8468292213023,17.8468292213023
"157",21,2,20798,"3/2/20","Outer Limits",112,"Rosy Rockfish",175.4,175.8,171,4.4,4.8,2.57,2.81,"yes",176,6,2,179.130827188892,-3.73082718889225,-3.33082718889224,-2.08273877112068,-1.85943828941286
"158",21,2,20798,"3/2/20","Outer Limits",84,"Rosy Rockfish",192.9,192.9,171,21.9,21.9,12.81,12.81,"yes",176,6,2,179.130827188892,13.7691728111078,13.7691728111078,7.68665730359647,7.68665730359647
"159",21,6,20798,"3/2/20","Outer Limits",83,"Rosy Rockfish",189.2,194.4,171,18.2,23.4,10.64,13.68,"yes",172,6,4,179.130827188892,10.0691728111077,15.2691728111078,5.62112784779912,8.52403411000079
"160",21,5,20798,"3/2/20","Outer Limits",91,"Rosy Rockfish",193,193,171,22,22,12.87,12.87,"yes",175,6,3,179.130827188892,13.8691728111077,13.8691728111077,7.74248242402342,7.74248242402342
"161",21,1,20798,"3/2/20","Outer Limits",361,"Rosy Rockfish",213.8,193.7,171,42.8,22.7,25.03,13.27,"yes",176,6,1,179.130827188892,34.6691728111078,14.5691728111077,19.3541074728301,8.1332582670121
"162",21,2,20798,"3/2/20","Outer Limits",161,"Rosy Rockfish",194.6,195,171,23.6,24,13.8,14.04,"yes",176,6,2,179.130827188892,15.4691728111077,15.8691728111077,8.6356843508547,8.85898483256252
"163",21,2,20798,"3/2/20","Outer Limits",302,"Rosy Rockfish",177.3,176,171,6.3,5,3.68,2.92,"yes",176,6,2,179.130827188892,-1.83082718889224,-3.13082718889225,-1.02206148300853,-1.74778804855896
"164",22,12,20799,"3/2/20","Outer Limits",118,"Greenstriped Rockfish",239.7,250.6,203,36.7,47.6,18.08,23.45,"yes",210,3,9,211.700618365648,27.9993816343519,38.899381634352,13.2259328529648,18.3747132789027
"165",22,11,20799,"3/2/20","Outer Limits",371,"Greenstriped Rockfish",240.3,247.3,203,37.3,44.3,18.37,21.82,"yes",215,3,8,211.700618365648,28.599381634352,35.599381634352,13.5093519589798,16.8159081958206
"166",22,8,20799,"3/2/20","Outer Limits",121,"Greenstriped Rockfish",225,231,203,22,28,10.84,13.79,"yes",206,3,6,211.700618365648,13.299381634352,19.299381634352,6.28216475559904,9.11635581574834
"167",22,1,20799,"3/2/20","Outer Limits",267,"Greenstriped Rockfish",225,225.8,203,22,22.8,10.84,11.23,"yes",211,3,1,211.700618365648,13.299381634352,14.099381634352,6.28216475559904,6.66005689695228
"168",22,2,20799,"3/2/20","Outer Limits",422,"Greenstriped Rockfish",241.5,247.7,203,38.5,44.7,18.97,22.02,"yes",212,3,2,211.700618365648,29.799381634352,35.999381634352,14.0761901710096,17.0048542664972
"169",22,10,20799,"3/2/20","Outer Limits",143,"Greenstriped Rockfish",240.3,243,203,37.3,40,18.37,19.7,"yes",203,3,7,211.700618365648,28.599381634352,31.299381634352,13.5093519589798,14.784737936047
"170",23,2,20800,"3/2/20","Outer Limits",150,"Greenstriped Rockfish",238.7,242.7,202,36.7,40.7,18.17,20.15,"yes",215,3,2,211.700618365648,26.9993816343519,30.999381634352,12.7535676762733,14.6430283830395
"171",23,5,20800,"3/2/20","Outer Limits",177,"Greenstriped Rockfish",292.6,228.1,202,90.6,26.1,44.85,12.92,"yes",206,3,3,211.700618365648,80.899381634352,16.399381634352,38.2140506999479,7.74649680334284
"172",23,12,20800,"3/2/20","Outer Limits",2,"Greenstriped Rockfish",215.4,220.1,202,13.4,18.1,6.63,8.96,"yes",212,3,9,211.700618365648,3.69938163435197,8.39938163435195,1.74745905936015,3.96757538981043
"173",23,2,20800,"3/2/20","Outer Limits",69,"Greenstriped Rockfish",228.8,240.1,202,26.8,38.1,13.27,18.86,"yes",215,3,2,211.700618365648,17.099381634352,28.399381634352,8.07715242702694,13.4148789236415
"174",23,11,20800,"3/2/20","Outer Limits",297,"Greenstriped Rockfish",219.8,215.2,202,17.8,13.2,8.81,6.53,"yes",210,3,8,211.700618365648,8.09938163435197,3.49938163435195,3.82586583680297,1.65298602402183
"175",24,11,24435,"3/2/20","Outer Limits",343,"Vermillion Rockfish",355.8,308.7,273,82.8,35.7,30.33,13.08,"yes",291,10,8,285.155892083438,70.6441079165623,23.5441079165623,24.7738552412207,8.25657423542669
"176",24,12,24435,"3/2/20","Outer Limits",339,"Vermillion Rockfish",315,308.8,273,42,35.8,15.38,13.11,"yes",292,10,9,285.155892083438,29.8441079165623,23.6441079165623,10.465892076966,8.29164277259399
"177",24,2,24435,"3/2/20","Outer Limits",93,"Vermillion Rockfish",307.7,307.7,273,34.7,34.7,12.71,12.71,"yes",290,10,2,285.155892083438,22.5441079165623,22.5441079165623,7.90588886375379,7.90588886375379
"178",24,1,24435,"3/2/20","Outer Limits",303,"Vermillion Rockfish",311.8,307.6,273,38.8,34.6,14.21,12.67,"yes",290,10,1,285.155892083438,26.6441079165623,22.4441079165623,9.34369888761272,7.87082032658651
"179",24,10,24435,"3/2/20","Outer Limits",424,"Vermillion Rockfish",333.8,328.6,273,60.8,55.6,22.27,20.37,"yes",276,10,7,285.155892083438,48.6441079165623,43.4441079165623,17.0587770644167,15.2352131317176
"180",25,2,24436,"3/2/20","Outer Limits",57,"Vermillion Rockfish",329.7,366.4,296,33.7,70.4,11.39,23.78,"yes",313,10,2,310.102966176272,19.5970338237281,56.297033823728,6.31952479054602,18.1543035585564
"181",25,8,24436,"3/2/20","Outer Limits",76,"Vermillion Rockfish",236.2,360.1,296,-59.8,64.1,-20.2,21.66,"yes",302,10,6,310.102966176272,-73.902966176272,49.9970338237281,-23.831750817328,16.122720282304
"182",25,5,24436,"3/2/20","Outer Limits",336,"Vermillion Rockfish",332.9,347.5,296,36.9,51.5,12.47,17.4,"yes",313,10,3,310.102966176272,22.797033823728,37.3970338237281,7.35144010546791,12.059553729799
"183",25,8,24436,"3/2/20","Outer Limits",413,"Vermillion Rockfish",213.9,342.8,296,-82.1,46.8,-27.74,15.81,"yes",302,10,6,310.102966176272,-96.2029661762719,32.6970338237281,-31.0229106681899,10.5439281110075
"184",25,1,24436,"3/2/20","Outer Limits",463,"Vermillion Rockfish",358.5,361,296,62.5,65,21.11,21.96,"yes",314,10,1,310.102966176272,48.3970338237281,50.8970338237281,15.606762624843,16.4129464646258
"185",25,2,24436,"3/2/20","Outer Limits",89,"Vermillion Rockfish",356.6,358.5,296,60.6,62.5,20.47,21.11,"yes",313,10,2,310.102966176272,46.4970338237281,48.3970338237281,14.9940629066082,15.606762624843
"186",26,6,24437,"3/2/20","Outer Limits",252,"Bocaccio",384.3,367.1,307,77.3,60.1,25.18,19.58,"yes",310,1,4,298.322403410211,85.9775965897887,68.7775965897887,28.8203619999549,23.054787640342
"187",26,1,24437,"3/2/20","Outer Limits",90,"Bocaccio",333.3,335.1,307,26.3,28.1,8.57,9.15,"yes",227,1,1,298.322403410211,34.9775965897887,36.7775965897887,11.7247636080795,12.3281376689693
"188",26,2,24437,"3/2/20","Outer Limits",461,"Bocaccio",310.5,346.2,307,3.5,39.2,1.14,12.77,"yes",315,1,2,298.322403410211,12.1775965897887,47.8775965897887,4.08202550347643,16.0489443777892
"189",26,2,24437,"3/2/20","Outer Limits",225,"Bocaccio",347.4,343.6,307,40.4,36.6,13.16,11.92,"yes",315,1,2,298.322403410211,49.0775965897886,45.2775965897887,16.4511937517156,15.1774040676151
"190",26,10,24437,"3/2/20","Outer Limits",133,"Bocaccio",324.1,330.5,307,17.1,23.5,5.57,7.65,"yes",302,1,7,298.322403410211,25.7775965897887,32.1775965897887,8.64085174130987,10.7861817355844
"191",27,2,24438,"3/2/20","Outer Limits",317,"Bocaccio",369.2,369.2,307,62.2,62.2,20.26,20.26,"yes",312,1,2,308.717017615559,60.4829823844411,60.4829823844411,19.5917228183902,19.5917228183902
"192",27,11,24438,"3/2/20","Outer Limits",364,"Bocaccio",359.9,347.8,307,52.9,40.8,17.23,13.29,"yes",311,1,8,308.717017615559,51.1829823844411,39.0829823844411,16.5792552609388,12.6598082238248
"193",27,1,24438,"3/2/20","Outer Limits",18,"Bocaccio",340.4,341.2,307,33.4,34.2,10.88,11.14,"yes",326,1,1,308.717017615559,31.6829823844411,32.4829823844411,10.2627910275732,10.5219280217625
"194",27,7,24438,"3/2/20","Outer Limits",475,"Bocaccio",338.9,337.4,307,31.9,30.4,10.39,9.9,"yes",309,1,5,308.717017615559,30.1829823844411,28.6829823844411,9.77690916346812,9.29102729936307
"195",27,12,24438,"3/2/20","Outer Limits",288,"Bocaccio",311,302.8,307,4,-4.2,1.3,-1.37,"yes",315,1,9,308.717017615559,2.28298238444108,-5.9170176155589,0.739506491114154,-1.91664769932679
"196",27,7,24438,"3/2/20","Outer Limits",204,"Bocaccio",340,319.1,307,33,12.1,10.75,3.94,"yes",309,1,5,308.717017615559,31.2829823844411,10.3829823844411,10.1332225304785,3.36326855728144
"197",27,12,24438,"3/2/20","Outer Limits",277,"Bocaccio",299.6,299.6,307,-7.4,-7.4,-2.41,-2.41,"yes",315,1,9,308.717017615559,-9.11701761555889,-9.11701761555889,-2.95319567608424,-2.95319567608424
"198",28,10,24439,"3/2/20","Outer Limits",284,"Halfbanded Rockfish",260.5,179.3,161,99.5,18.3,61.8,11.37,"yes",161,4,7,168.736212983545,91.7637870164554,10.5637870164554,54.3829835895418,6.26053342650612
"199",28,1,24439,"3/2/20","Outer Limits",194,"Halfbanded Rockfish",178.5,178,161,17.5,17,10.87,10.56,"yes",171,4,1,168.736212983545,9.76378701645535,9.26378701645535,5.78642061701807,5.49010011108805
"200",28,2,24439,"3/2/20","Outer Limits",138,"Halfbanded Rockfish",192.5,193,161,31.5,32,19.57,19.88,"yes",167,4,2,168.736212983545,23.7637870164554,24.2637870164554,14.0833947830587,14.3797152889887
"201",28,6,24439,"3/2/20","Outer Limits",454,"Halfbanded Rockfish",183.8,182.8,161,22.8,21.8,14.16,13.54,"yes",167,4,4,168.736212983545,15.0637870164554,14.0637870164554,8.92741797987632,8.33477696801627
"202",28,11,24439,"3/2/20","Outer Limits",395,"Halfbanded Rockfish",221.5,184.3,161,60.5,23.3,37.58,14.47,"yes",167,4,8,168.736212983545,52.7637870164554,15.5637870164554,31.269984127,9.22373848580634
"203",28,8,24439,"3/2/20","Outer Limits",349,"Halfbanded Rockfish",186.1,186.1,161,25.1,25.1,15.59,15.59,"yes",171,4,6,168.736212983545,17.3637870164553,17.3637870164553,10.2904923071544,10.2904923071544
"204",28,5,24439,"3/2/20","Outer Limits",278,"Halfbanded Rockfish",193.5,188.3,161,32.5,27.3,20.19,16.96,"yes",164,4,3,168.736212983545,24.7637870164554,19.5637870164554,14.6760357949188,11.5943025332465
"205",29,10,24440,"3/2/20","Outer Limits",363,"Vermillion Rockfish",396.4,413,350,46.4,63,13.26,18,"yes",352,10,7,356.532242960158,39.8677570398421,56.4677570398421,11.1820902112063,15.8380505984566
"206",29,10,24440,"3/2/20","Outer Limits",175,"Vermillion Rockfish",158.8,409.2,350,-191.2,59.2,-54.63,16.91,"yes",352,10,7,356.532242960158,-197.732242960158,52.6677570398421,-55.4598488255813,14.7722283411343
"207",29,1,24440,"3/2/20","Outer Limits",365,"Vermillion Rockfish",117,381.7,350,-233,31.7,-66.57,9.06,"yes",368,10,1,356.532242960158,-239.532242960158,25.1677570398421,-67.1838936561273,7.05904095261718
"208",29,11,24440,"3/2/20","Outer Limits",296,"Vermillion Rockfish",353.2,383.2,350,3.2,33.2,0.91,9.49,"yes",372,10,8,356.532242960158,-3.33224296015788,26.6677570398421,-0.934625977300533,7.47976026471811
"209",29,2,24440,"3/2/20","Outer Limits",13,"Vermillion Rockfish",358.5,399.1,350,8.5,49.1,2.43,14.03,"yes",365,10,2,356.532242960158,1.96775703984213,42.5677570398421,0.551915592122764,11.939384972988
"210",29,11,24440,"3/2/20","Outer Limits",229,"Vermillion Rockfish",316.8,384,350,-33.2,34,-9.49,9.71,"yes",372,10,8,356.532242960158,-39.7322429601579,27.4677570398421,-11.1440812842831,7.70414389783861
"211",30,5,24441,"3/2/20","Outer Limits",393,"Starry Rockfish",288.2,286.2,245,43.2,41.2,17.63,16.82,"yes",244,9,3,240.112563860265,48.0874361397352,46.0874361397352,20.0270387216056,19.1940960517818
"212",30,10,24441,"3/2/20","Outer Limits",378,"Starry Rockfish",142.7,241.5,245,-102.3,-3.5,-41.76,-1.43,"yes",240,9,7,240.112563860265,-97.4125638602648,1.3874361397352,-40.5695405080738,0.577827381220513
"213",30,10,24441,"3/2/20","Outer Limits",23,"Starry Rockfish",187.3,244.1,245,-57.7,-0.9,-23.55,-0.37,"yes",240,9,7,240.112563860265,-52.8125638602648,3.9874361397352,-21.9949189710037,1.66065285199141
"214",30,1,24441,"3/2/20","Outer Limits",350,"Starry Rockfish",256.7,256.7,245,11.7,11.7,4.78,4.78,"yes",241,9,1,240.112563860265,16.5874361397352,16.5874361397352,6.90819167188118,6.90819167188118
"215",30,11,24441,"3/2/20","Outer Limits",205,"Starry Rockfish",268.9,259.2,245,23.9,14.2,9.76,5.8,"yes",242,9,8,240.112563860265,28.7874361397352,19.0874361397352,11.9891419578062,7.94937000916089
"216",30,11,24441,"3/2/20","Outer Limits",412,"Starry Rockfish",262.4,257.4,245,17.4,12.4,7.1,5.06,"yes",242,9,8,240.112563860265,22.2874361397352,17.2874361397352,9.28207828087892,7.19972160631949
"217",30,7,24441,"3/2/20","Outer Limits",24,"Starry Rockfish",265,265,245,20,20,8.16,8.16,"yes",240,9,5,240.112563860265,24.8874361397352,24.8874361397352,10.3649037516498,10.3649037516498
"218",30,2,24441,"3/2/20","Outer Limits",406,"Starry Rockfish",304.1,282.2,245,59.1,37.2,24.12,15.18,"yes",245,9,2,240.112563860265,63.9874361397352,42.0874361397352,26.6489329467046,17.5282107121343
"219",30,2,24441,"3/2/20","Outer Limits",360,"Starry Rockfish",301.8,272.6,245,56.8,27.6,23.18,11.27,"yes",245,9,2,240.112563860265,61.6874361397352,32.4874361397352,25.6910488764073,13.5300858969802
"220",30,10,24441,"3/2/20","Outer Limits",402,"Starry Rockfish",248.9,252.8,245,3.9,7.8,1.59,3.18,"yes",240,9,7,240.112563860265,8.78743613973521,12.6874361397352,3.65971525956847,5.28395346572483
"221",31,10,24442,"3/2/20","Outer Limits",130,"Speckled Rockfish",227.3,261.1,223,4.3,38.1,1.93,17.09,"yes",219,7,7,229.717949654917,-2.41794965491721,31.3820503450828,-1.05257323537384,13.6611224295816
"222",31,2,24442,"3/2/20","Outer Limits",227,"Speckled Rockfish",288.1,248.2,223,65.1,25.2,29.19,11.3,"yes",231,7,2,229.717949654917,58.3820503450828,18.4820503450828,25.4146663039542,8.04554035627018
"223",31,1,24442,"3/2/20","Outer Limits",352,"Speckled Rockfish",244.5,244.5,223,21.5,21.5,9.64,9.64,"yes",230,7,1,229.717949654917,14.7820503450828,14.7820503450828,6.43486952904133,6.43486952904133
"224",31,11,24442,"3/2/20","Outer Limits",261,"Speckled Rockfish",262.5,262.5,223,39.5,39.5,17.71,17.71,"yes",226,7,8,229.717949654917,32.7820503450828,32.7820503450828,14.2705654452898,14.2705654452898
"225",31,6,24442,"3/2/20","Outer Limits",115,"Speckled Rockfish",276.8,280.1,223,53.8,57.1,24.13,25.61,"yes",228,7,4,229.717949654917,47.0820503450828,50.3820503450828,20.4955905343094,21.9321347856216
"226",31,5,24442,"3/2/20","Outer Limits",308,"Speckled Rockfish",248.6,264.5,223,25.6,41.5,11.48,18.61,"yes",229,7,3,229.717949654917,18.8820503450828,34.7820503450828,8.21966693218681,15.1411983248729
"227",32,8,24443,"3/2/20","Outer Limits",383,"Speckled Rockfish",266.4,260.6,255,11.4,5.6,4.47,2.2,"yes",265,7,6,261.594766551317,4.80523344868345,-0.994766551316502,1.83689968726527,-0.380270050670666
"228",32,10,24443,"3/2/20","Outer Limits",22,"Speckled Rockfish",297.1,299.6,255,42.1,44.6,16.51,17.49,"yes",255,7,7,261.594766551317,35.5052334486835,38.0052334486835,13.572608472547,14.5282850837263
"229",32,6,24443,"3/2/20","Outer Limits",471,"Speckled Rockfish",287.9,287.9,255,32.9,32.9,12.9,12.9,"yes",258,7,4,261.594766551317,26.3052334486835,26.3052334486835,10.0557185434072,10.0557185434072
"230",32,5,24443,"3/2/20","Outer Limits",42,"Speckled Rockfish",156,278,255,-99,23,-38.82,9.02,"yes",263,7,3,261.594766551317,-105.594766551317,16.4052334486835,-40.3657794624122,6.27123916313719
"231",32,2,24443,"3/2/20","Outer Limits",316,"Speckled Rockfish",295.9,295.7,255,40.9,40.7,16.04,15.96,"yes",265,7,2,261.594766551317,34.3052334486835,34.1052334486835,13.1138836991809,13.0374295702866
"232",32,2,24443,"3/2/20","Outer Limits",54,"Speckled Rockfish",291.3,292.8,255,36.3,37.8,14.24,14.82,"yes",265,7,2,261.594766551317,29.7052334486835,31.2052334486835,11.355438734611,11.9288447013186
"233",32,1,24443,"3/2/20","Outer Limits",256,"Speckled Rockfish",279.9,280.6,255,24.9,25.6,9.76,10.04,"yes",265,7,1,261.594766551317,18.3052334486835,19.0052334486835,6.99755338763345,7.26514283876366
"234",32,8,24443,"3/2/20","Outer Limits",272,"Speckled Rockfish",319.7,330,255,64.7,75,25.37,29.41,"yes",265,7,6,261.594766551317,58.1052334486835,68.4052334486835,22.2119250376078,26.1493126756665
"235",32,8,24443,"3/2/20","Outer Limits",187,"Speckled Rockfish",258.7,250.4,255,3.7,-4.6,1.45,-1.8,"yes",265,7,6,261.594766551317,-2.89476655131654,-11.1947665513165,-1.10658427516694,-4.27943062428218
"236",32,12,24443,"3/2/20","Outer Limits",326,"Speckled Rockfish",285.2,292.7,255,30.2,37.7,11.84,14.78,"yes",265,7,9,261.594766551317,23.6052334486835,31.1052334486835,9.02358780333355,11.8906176368714
"237",33,10,24444,"3/2/20","Outer Limits",97,"Vermillion Rockfish",179.2,377.7,360,-180.8,17.7,-50.22,4.92,"yes",352,10,7,357.225217240514,-178.025217240514,20.4747827594856,-49.8355683329749,5.73161741426005
"238",33,2,24444,"3/2/20","Outer Limits",459,"Vermillion Rockfish",362.9,441.8,360,2.9,81.8,0.81,22.72,"yes",373,10,2,357.225217240514,5.6747827594856,84.5747827594856,1.58857283461734,23.6754794112261
"239",33,2,24444,"3/2/20","Outer Limits",369,"Vermillion Rockfish",354.2,425,360,-5.8,65,-1.61,18.06,"yes",373,10,2,357.225217240514,-3.02521724051439,67.7747827594856,-0.846865533145596,18.9725639424425
"240",33,11,24444,"3/2/20","Outer Limits",293,"Vermillion Rockfish",405.6,405.6,360,45.6,45.6,12.67,12.67,"yes",358,10,8,357.225217240514,48.3747827594856,48.3747827594856,13.5418163177757,13.5418163177757
"241",33,1,24444,"3/2/20","Outer Limits",445,"Vermillion Rockfish",218,406.6,360,-142,46.6,-39.44,12.94,"yes",359,10,1,357.225217240514,-139.225217240514,49.3747827594856,-38.9740730836413,13.8217517623461
"242",33,10,24444,"3/2/20","Outer Limits",368,"Vermillion Rockfish",189.6,381.8,360,-170.4,21.8,-47.33,6.06,"yes",352,10,7,357.225217240514,-167.625217240514,24.5747827594856,-46.9242397094421,6.87935273699891
"243",33,6,24444,"3/2/20","Outer Limits",478,"Vermillion Rockfish",423.7,417.3,360,63.7,57.3,17.69,15.92,"yes",350,10,4,357.225217240514,66.4747827594856,60.0747827594856,18.6086478645009,16.81706101925
"244",34,2,24445,"3/2/20","Outer Limits",218,"Bocaccio",407.5,417,373,34.5,44,9.25,11.8,"yes",381,1,2,373.856599969071,33.6434000309295,43.1434000309295,8.99901192963099,11.5400931893402
"245",34,10,24445,"3/2/20","Outer Limits",259,"Bocaccio",402,396.2,373,29,23.2,7.77,6.22,"yes",376,1,7,373.856599969071,28.1434000309295,22.3434000309294,7.5278596213783,5.97646264176637
"246",34,2,24445,"3/2/20","Outer Limits",341,"Bocaccio",401.9,412.9,373,28.9,39.9,7.75,10.7,"yes",381,1,2,373.856599969071,28.0434000309294,39.0434000309294,7.50111139759188,10.4434160140973
"247",34,5,24445,"3/2/20","Outer Limits",426,"Bocaccio",438.7,451.7,373,65.7,78.7,17.61,21.1,"yes",381,1,3,373.856599969071,64.8434000309294,77.8434000309294,17.3444577509917,20.8217268432253
"248",34,6,24445,"3/2/20","Outer Limits",123,"Bocaccio",381.1,377.9,373,8.1,4.9,2.17,1.31,"yes",372,1,4,373.856599969071,7.24340003092948,4.04340003092943,1.93748085001809,1.08153768885288
"249",34,6,24445,"3/2/20","Outer Limits",163,"Bocaccio",371,385,373,-2,12,-0.54,3.22,"yes",372,1,4,373.856599969071,-2.85659996907054,11.1434000309295,-0.76408975240958,2.98066157768817
"250",34,7,24445,"3/2/20","Outer Limits",391,"Bocaccio",410.5,427.2,373,37.5,54.2,10.05,14.53,"yes",380,1,5,373.856599969071,36.6434000309295,53.3434000309294,9.80145864322336,14.2684120155542
"251",34,1,24445,"3/2/20","Outer Limits",462,"Bocaccio",379.2,383.2,373,6.2,10.2,1.66,2.73,"yes",384,1,1,373.856599969071,5.34340003092944,9.34340003092944,1.42926459807624,2.49919354953274
"252",34,8,24445,"3/2/20","Outer Limits",318,"Bocaccio",445.1,448.1,373,72.1,75.1,19.33,20.13,"yes",382,1,6,373.856599969071,71.2434000309295,74.2434000309295,19.0563440733221,19.8587907869145
"253",35,2,24446,"3/2/20","Outer Limits",168,"Bocaccio",385.3,388.9,347,38.3,41.9,11.04,12.07,"yes",353,1,2,344.058705913741,41.2412940862592,44.8412940862592,11.9867026694563,13.0330357335883
"254",35,12,24446,"3/2/20","Outer Limits",195,"Bocaccio",336.2,362.7,347,-10.8,15.7,-3.11,4.52,"yes",352,1,9,344.058705913741,-7.85870591374078,18.6412940862592,-2.28411773301009,5.41805621129459
"255",35,5,24446,"3/2/20","Outer Limits",414,"Bocaccio",428.9,428.9,347,81.9,81.9,23.6,23.6,"yes",338,1,3,344.058705913741,84.8412940862592,84.8412940862592,24.6589586683878,24.6589586683878
"256",35,1,24446,"3/2/20","Outer Limits",439,"Bocaccio",360.1,383.6,347,13.1,36.6,3.78,10.55,"yes",356,1,1,344.058705913741,16.0412940862593,39.5412940862593,4.66237122053263,11.4926009447273
"257",35,6,24446,"3/2/20","Outer Limits",476,"Bocaccio",401.2,401.2,347,54.2,54.2,15.62,15.62,"yes",350,1,4,344.058705913741,57.1412940862592,57.1412940862592,16.6080070360391,16.6080070360391
"258",35,10,24446,"3/2/20","Outer Limits",208,"Bocaccio",344,344.1,347,-3,-2.9,-0.86,-0.84,"yes",340,1,7,344.058705913741,-0.0587059137407664,0.0412940862592563,-0.0170627607241784,0.0120020466128269
"259",35,10,24446,"3/2/20","Outer Limits",119,"Bocaccio",347.5,347.5,347,0.5,0.5,0.14,0.14,"yes",340,1,7,344.058705913741,3.44129408625923,3.44129408625923,1.00020549607078,1.00020549607078
"260",35,2,24446,"3/2/20","Outer Limits",247,"Bocaccio",386.2,390.2,347,39.2,43.2,11.3,12.45,"yes",353,1,2,344.058705913741,42.1412940862592,46.1412940862592,12.2482859354893,13.4108782289693
"261",35,11,24446,"3/2/20","Outer Limits",305,"Bocaccio",426.9,414.9,347,79.9,67.9,23.03,19.57,"yes",347,1,8,344.058705913741,82.8412940862592,70.8412940862592,24.0776625216478,20.589885641208
"262",35,5,24446,"3/2/20","Outer Limits",21,"Bocaccio",332,363.6,347,-15,16.6,-4.32,4.78,"yes",338,1,3,344.058705913741,-12.0587059137408,19.5412940862593,-3.50483964116403,5.67963947732759
"263",36,1,24447,"3/2/20","Outer Limits",9,"Bocaccio",347.7,346.4,310,37.7,36.4,12.16,11.74,"yes",324,1,1,313.567837578054,34.1321624219455,32.8321624219455,10.8850967259833,10.4705133905108
"264",36,5,24447,"3/2/20","Outer Limits",26,"Bocaccio",343.8,330.9,310,33.8,20.9,10.9,6.74,"yes",311,1,3,313.567837578054,30.2321624219455,17.3321624219455,9.64134671956591,5.52740439064676
"265",36,2,24447,"3/2/20","Outer Limits",165,"Bocaccio",365.9,365.9,310,55.9,55.9,18.03,18.03,"yes",315,1,2,313.567837578054,52.3321624219455,52.3321624219455,16.6892634225979,16.6892634225979
"266",36,10,24447,"3/2/20","Outer Limits",159,"Bocaccio",357.9,334.8,310,47.9,24.8,15.45,8,"yes",303,1,7,313.567837578054,44.3321624219455,21.2321624219455,14.1379813581519,6.77115439706419
"267",36,11,24447,"3/2/20","Outer Limits",377,"Bocaccio",291.4,349.8,310,-18.6,39.8,-6,12.84,"yes",316,1,8,313.567837578054,-22.1678375780545,36.2321624219455,-7.06955080255525,11.5548082679004
"268",36,11,24447,"3/2/20","Outer Limits",206,"Bocaccio",366.7,351.9,310,56.7,41.9,18.29,13.52,"yes",316,1,8,313.567837578054,53.1321624219455,38.3321624219455,16.9443916290425,12.2245198098175
"269",36,6,24447,"3/2/20","Outer Limits",254,"Bocaccio",406.8,357.3,310,96.8,47.3,31.23,15.26,"yes",305,1,4,313.567837578054,93.2321624219455,43.7321624219455,29.732692977078,13.9466352033185
"270",36,10,24447,"3/2/20","Outer Limits",62,"Bocaccio",313.5,375.5,310,3.5,65.5,1.13,21.13,"yes",303,1,7,313.567837578054,-0.0678375780544798,61.9321624219455,-0.021634099523231,19.7508018999331
"271",36,2,24447,"3/2/20","Outer Limits",219,"Bocaccio",377.2,376.2,310,67.2,66.2,21.68,21.35,"yes",315,1,2,313.567837578054,63.6321624219455,62.6321624219455,20.2929493386279,19.9740390805721
"272",37,2,24448,"3/2/20","Outer Limits",335,"Bocaccio",457.3,463.9,390,67.3,73.9,17.26,18.95,"yes",401,1,2,402.268545463687,55.0314545363128,61.6314545363127,13.6802778036943,15.3209728255714
"273",37,1,24448,"3/2/20","Outer Limits",244,"Bocaccio",469.3,470.2,390,79.3,80.2,20.33,20.56,"yes",402,1,1,402.268545463687,67.0314545363128,67.9314545363127,16.6633596616526,16.8870908009995
"274",37,11,24448,"3/2/20","Outer Limits",314,"Bocaccio",467.3,467.3,390,77.3,77.3,19.82,19.82,"yes",404,1,8,402.268545463687,65.0314545363128,65.0314545363128,16.1661793519929,16.1661793519929
"275",37,5,24448,"3/2/20","Outer Limits",110,"Bocaccio",441.3,441.3,390,51.3,51.3,13.15,13.15,"yes",400,1,3,402.268545463687,39.0314545363128,39.0314545363128,9.70283532641657,9.70283532641657
"276",37,10,24448,"3/2/20","Outer Limits",19,"Bocaccio",441.5,441.5,390,51.5,51.5,13.21,13.21,"yes",392,1,7,402.268545463687,39.2314545363128,39.2314545363128,9.75255335738254,9.75255335738254
"277",37,2,24448,"3/2/20","Outer Limits",17,"Bocaccio",495.1,458,390,105.1,68,26.95,17.44,"yes",401,1,2,402.268545463687,92.8314545363128,55.7314545363128,23.076985656263,13.8542909120752
"278",38,6,24449,"3/2/20","Outer Limits",458,"Bocaccio",392.5,469.6,403,-10.5,66.6,-2.61,16.53,"yes",385,1,4,405.040442585113,-12.5404425851133,64.5595574148867,-3.09609640584917,15.9390398160847
"279",38,11,24449,"3/2/20","Outer Limits",329,"Bocaccio",436.5,435.7,403,33.5,32.7,8.31,8.11,"yes",409,1,8,405.040442585113,31.4595574148867,30.6595574148867,7.7670163537499,7.56950521266628
"280",38,10,24449,"3/2/20","Outer Limits",455,"Bocaccio",462.7,478.1,403,59.7,75.1,14.81,18.64,"yes",390,1,7,405.040442585113,57.6595574148867,73.0595574148867,14.2355062242384,18.0375956900981
"281",38,12,24449,"3/2/20","Outer Limits",192,"Bocaccio",468.6,471.8,403,65.6,68.8,16.28,17.07,"yes",425,1,9,405.040442585113,63.5595574148867,66.7595574148867,15.6921508897301,16.4821954540646
"282",38,2,24449,"3/2/20","Outer Limits",387,"Bocaccio",430.1,419.7,403,27.1,16.7,6.72,4.14,"yes",412,1,2,405.040442585113,25.0595574148867,14.6595574148867,6.18692722508095,3.61928239099389
"283",38,1,24449,"3/2/20","Outer Limits",147,"Bocaccio",471.2,471.2,403,68.2,68.2,16.92,16.92,"yes",411,1,1,405.040442585113,66.1595574148867,66.1595574148867,16.3340620982519,16.3340620982519
"284",38,7,24449,"3/2/20","Outer Limits",379,"Bocaccio",485.9,474.4,403,82.9,71.4,20.57,17.72,"yes",400,1,5,405.040442585113,80.8595574148867,69.3595574148867,19.9633293156634,17.1241066625864
"285",39,12,24450,"3/2/20","Outer Limits",158,"Squarespot Rockfish",240.8,251.8,225,15.8,26.8,7.02,11.91,"yes",222,8,9,227.639026813848,13.1609731861523,24.1609731861523,5.78151003822149,10.6137218755157
"286",39,1,24450,"3/2/20","Outer Limits",251,"Squarespot Rockfish",248.3,258.7,225,23.3,33.7,10.36,14.98,"yes",230,8,1,227.639026813848,20.6609731861523,31.0609731861523,9.0761999272857,13.6448365734547
"287",39,2,24450,"3/2/20","Outer Limits",140,"Squarespot Rockfish",256.6,256.6,225,31.6,31.6,14.04,14.04,"yes",229,8,2,227.639026813848,28.9609731861523,28.9609731861523,12.7223234045168,12.7223234045168
"288",39,1,24450,"3/2/20","Outer Limits",431,"Squarespot Rockfish",236.8,237.5,225,11.8,12.5,5.24,5.56,"yes",230,8,1,227.639026813848,9.16097318615232,9.86097318615231,4.02434209738725,4.33184648703324
"289",39,1,24450,"3/2/20","Outer Limits",236,"Squarespot Rockfish",239.9,239.9,225,14.9,14.9,6.62,6.62,"yes",230,8,1,227.639026813848,12.2609731861523,12.2609731861523,5.38614725153379,5.38614725153379
"290",39,5,24450,"3/2/20","Outer Limits",7,"Squarespot Rockfish",244.6,245.2,225,19.6,20.2,8.71,8.98,"yes",232,8,3,227.639026813848,16.9609731861523,17.5609731861523,7.45081958201402,7.71439477313915
"291",39,2,24450,"3/2/20","Outer Limits",222,"Squarespot Rockfish",260.8,258.6,225,35.8,33.6,15.91,14.93,"yes",229,8,2,227.639026813848,33.1609731861523,30.9609731861523,14.5673497423927,13.6009073749339
"292",40,12,24475,"3/2/20","Outer Limits",324,"Rosy Rockfish",254.8,258.2,235,19.8,23.2,8.43,9.87,"yes",233,6,9,234.568769617413,20.2312303825873,23.6312303825872,8.62486102288249,10.0743293410842
"293",40,2,24475,"3/2/20","Outer Limits",86,"Rosy Rockfish",291,272.9,235,56,37.9,23.83,16.13,"yes",240,6,2,234.568769617413,56.4312303825872,38.3312303825872,24.0574354696185,16.3411482462505
"294",40,7,24475,"3/2/20","Outer Limits",279,"Rosy Rockfish",254.6,254.7,235,19.6,19.7,8.34,8.38,"yes",226,6,5,234.568769617413,20.0312303825872,20.1312303825872,8.53959818063532,8.5822296017589
"295",40,2,24475,"3/2/20","Outer Limits",201,"Rosy Rockfish",260.2,268.8,235,25.2,33.8,10.72,14.38,"yes",240,6,2,234.568769617413,25.6312303825872,34.2312303825873,10.9269577635558,14.5932599801837
"296",40,5,24475,"3/2/20","Outer Limits",470,"Rosy Rockfish",204.4,257,235,-30.6,22,-13.02,9.36,"yes",237,6,3,234.568769617413,-30.1687696174127,22.4312303825872,-12.861375223402,9.56275228760125
"297",40,6,24475,"3/2/20","Outer Limits",41,"Rosy Rockfish",249.7,268.6,235,14.7,33.6,6.26,14.3,"yes",231,6,4,234.568769617413,15.1312303825872,34.0312303825873,6.45065854557989,14.5079971379366
"298",40,8,24475,"3/2/20","Outer Limits",1,"Rosy Rockfish",246.2,241.1,235,11.2,6.1,4.77,2.6,"yes",235,6,6,234.568769617413,11.6312303825872,6.53123038258724,4.95855880625458,2.78435632895199
"299",40,8,24475,"3/2/20","Outer Limits",270,"Rosy Rockfish",249.9,248.9,235,14.9,13.9,6.34,5.91,"yes",235,6,6,234.568769617413,15.3312303825873,14.3312303825873,6.53592138782706,6.10960717659125
